Country,Year,gdpgrowth,gini,wealth,gii,ruleoflaw,lnpovhead215,lngovt,lntradeopen,fii,lninflation,lnenrollment,electricity_lag5,account_ownership_lag5,bank_branches_lag7,domestic_credit_lag7,internet_users_lag4,mobile_subscriptions_lag4,urban_population_lag5
Mexico,2003,1.18554486709559,50.3,0.6878000000000001,0.435,-0.377902716398239,2.1041341542702074,2.4421766180870303,3.9060133210118333,0.2929348815955633,1.7132392349955718,4.376438444650915,96.092755,28.630000000000003,10.192834737113252,20.3129090763085,1.86,8.02579566,74.186
Mexico,2004,3.56544100946846,50.3,0.7010000000000001,0.433,-0.409910470247269,2.1041341542702074,2.399365268739136,3.9710580357331717,0.2929348815955633,1.7384305690372093,4.391762922997269,96.7482986450195,28.630000000000003,10.192834737113252,20.3129090763085,5.08,14.38375898,74.441
Mexico,2005,2.11324712586392,50.9,0.6994,0.425,-0.382989525794983,2.174751721484161,2.4048013693683394,3.9808518969711755,0.3025800367270634,1.607046484443095,4.4022034436763064,98.0,28.63,10.192834737113252,17.9317776437342,7.04,21.89015027,74.722
Mexico,2006,4.80501352746852,49.7,0.6977,0.43,-0.472546279430389,1.8562979903656263,2.388041675776034,4.0160607361867635,0.3276698841670057,1.5324418775542232,4.427255621651317,97.1,28.63,10.192834737113252,15.5385350011939,11.9,25.69264365,75.045
Mexico,2007,2.07786393438754,50.25,0.7068,0.43,-0.542932212352753,1.9011040697104697,2.393147002466889,4.029957574392997,0.3574761592780702,1.602785646008184,4.443694323720794,97.9,28.63,10.192834737113252,14.3477809538876,12.9,29.3838657,75.365
Mexico,2008,0.943331863036903,50.8,0.7114,0.433,-0.689283549785614,1.9459101490553132,2.421188902926027,4.0494392751457235,0.4321229209914538,1.8123759394078776,4.466784851500523,97.4,28.629999999999995,10.192834737113252,12.240977231732,14.1,36.99151884,75.682
Mexico,2009,-6.29525055780502,49.25,0.7090000000000001,0.415,-0.56286883354187,1.843188161947909,2.5163604077057102,4.01803466740849,0.4378577725915112,1.840129837722367,4.465244930717562,98.6,28.630000000000003,11.1570229308629,14.1782625347913,17.2,44.69619916,75.997
Mexico,2010,4.9713345832195,47.7,0.7076,0.418,-0.552031338214874,1.7404661748405046,2.5074803462919406,4.098890622038801,0.4701583325580405,1.6403021198947834,4.480433450522575,98.9,28.63,11.1570229308629,14.6412754628782,19.5,51.82629303,76.308
Mexico,2011,3.44404505794418,48.650000000000006,0.7128,0.414,-0.549887716770172,1.6945624002139432,2.5118930752419706,4.145708985957021,0.4384225979446324,1.483280010644558,4.492897937084497,99.1,28.629999999999995,11.1570229308629,14.1054932641584,20.8,61.45672658,76.616
Mexico,2012,3.55321075993527,49.6,0.7138,0.391,-0.53518009185791,1.6486586255873816,2.5216143150006407,4.17834760034754,0.4607049914870267,1.631494822552401,4.518452788775781,97.9,28.63,11.1948442315992,15.3135908131833,21.7,68.65461989,76.92
Mexico,2013,0.852101559410627,49.25,0.7145,0.39,-0.549416422843933,1.6290482690107408,2.5426040171966022,4.154053859744578,0.4600646153536499,1.5699464276996873,4.5460813877078365,98.9,28.63,11.5524409995789,18.3518916727969,26.3,74.91580596,77.222
Mexico,2014,2.50376350288664,48.9,0.7143,0.388,-0.406688004732132,1.6094379124341003,2.545836551619216,4.175900110131277,0.4572027200722147,1.6131542145784437,4.588224280647831,98.3,27.43,12.745846124186,20.4394698049344,31.1,81.2063834,77.52
Mexico,2015,2.70232342550646,47.9,0.7160000000000001,0.379,-0.454765856266022,1.4016801904532674,2.55732390562791,4.268479570991753,0.4610365467559242,1.313895871102522,4.624798967655456,99.2,27.43,14.1722031292067,19.7553753221619,37.2,82.85839199,77.815
Mexico,2016,1.77249323845399,46.9,0.7126,0.37,-0.579800665378571,1.1939224684724346,2.5316057793620885,4.339775278071655,0.47679981229068,1.340697403199035,4.643153291391922,99.0,27.43,13.9206230360155,21.6119225648182,39.8,87.0169211,78.111
Mexico,2017,1.87172853327193,46.45,0.7159,0.372,-0.584648728370667,1.1293166027324313,2.502719353352436,4.356094869547823,0.4692711145055296,1.9518151430947281,4.664478023255407,99.1,31.33333333333333,14.362238415439,22.3237750257634,43.5,91.01095461,78.405
Mexico,2018,1.97208210249194,46.0,0.7210000000000001,0.365,-0.641221523284912,1.0647107369924282,2.5060398271692508,4.397071166746735,0.4835049161153596,1.774842201381964,4.672498434232836,99.1,35.236666666666665,14.6884896365235,23.5848328387345,44.4,88.37316756,78.699
Mexico,2019,-0.392690521579212,45.3,0.7166,0.366,-0.657918453216553,1.0980564242417645,2.4938583884079093,4.362614077725815,0.4949885333492394,1.5338436038877603,4.668291544749106,99.2,39.14,15.1544084982621,24.9270563810171,57.4,89.62827659,78.993
Mexico,2020,-8.3540345574586,44.6,0.7123,0.368,-0.642182171344757,1.1314021114911006,2.5799766703545703,4.354842415627465,0.4940283366485396,1.480884771884449,4.6403591572813,99.0,38.403333333333336,15.0730387027575,27.859059328804,59.5,91.94482417,79.285
Mexico,2021,6.04848344290505,44.05,0.7106,0.365,-0.807996511459351,0.9599297359276854,2.518078137975378,4.4316414304106,0.4909065396793428,1.900495552766378,4.598349492501882,99.5,37.66666666666666,14.9443656169499,28.1836821076474,53.0,93.07232465,79.577
Mexico,2022,3.68911109348025,43.5,0.7048,0.361,-0.869425058364868,0.7884573603642702,2.4925754005274077,4.492976258741904,0.5019561568173145,2.185632783753524,4.598726050941184,100.0,36.93,14.1165081939731,30.8304978674097,56.7,96.89668563,79.867
Mexico,2023,3.19998116598492,43.5,0.7016,0.88,-0.806393921375275,0.7884573603642702,2.49627717930627,4.306194926646965,0.5054627972346764,1.8760946239465228,4.598726050941184,99.5,36.93,14.1936498746495,32.9508423866166,69.6,97.561569,80.156
Peru,2003,4.16502313666112,53.1,0.7139,0.45,-0.588656902313232,2.7536607123542622,2.527224854817335,3.6538896464964736,0.1663086963038641,1.1815362365430646,4.374509437540062,72.072063,28.630000000000003,10.192834737113252,21.025323363273,1.95,3.859914577,72.216
Peru,2004,4.95820320611745,49.9,0.7018,0.452,-0.545422077178955,2.8507065015037334,2.5060383936137716,3.7597124577703696,0.1663086963038641,1.5395460371619578,4.415501176528276,74.078523,28.630000000000003,10.192834737113252,24.4097995545657,3.08,4.779155172,72.631
Peru,2005,6.28506032509601,50.4,0.6952,0.448,-0.700787901878357,2.9338568698359038,2.521279741907651,3.8786175543329655,0.1363623959560628,0.9617618468984339,4.428138658912059,72.5,28.63,10.192834737113252,28.1910496598723,7.58,6.638127117,73.042
Peru,2006,7.5288990440594,50.3,0.7028,0.414,-0.70465487241745,2.8094026953624978,2.477940365508187,3.96622812098972,0.1544129911075759,1.0993646763828702,4.462541314409613,72.1,28.63,10.192834737113252,28.9773282546112,8.97,8.43967421,73.448
Peru,2007,8.5183877690955,50.0,0.7030000000000001,0.41,-0.751626133918762,2.653241964607215,2.438428960571451,4.0375645464925825,0.1844897166372084,1.0224460524402013,4.495922322944205,74.4,28.63,10.192834737113252,26.3416775572587,11.6,10.60821354,73.85
Peru,2008,9.1265683014642,47.5,0.6931,0.406,-0.730335593223572,2.4765384001174837,2.4310541000379566,4.084862539425668,0.2264260574551549,1.914843390637648,4.509072716677404,74.4,28.629999999999995,10.192834737113252,23.4478078840921,14.1,14.67186871,74.249
Peru,2009,1.0958236592427,47.0,0.6849000000000001,0.403,-0.624266803264618,2.2823823856765264,2.523033495279324,3.8941019709785376,0.2257260783487154,1.3702238026547409,4.548228145293967,75.7,28.630000000000003,4.15933021749164,22.2020482940238,17.1,19.83622779,74.644
Peru,2010,8.33245910749577,45.5,0.6858000000000001,0.396,-0.566099524497986,2.0541237336955462,2.4445911176714037,3.964099362944784,0.2485296451548237,0.9275552868075073,4.572195780904606,77.2,28.63,4.15933021749164,19.9857411626907,20.7,32.13408596,75.034
Peru,2011,6.32719240161117,44.7,0.6841,0.408,-0.580825686454773,2.0149030205422647,2.430305387371979,4.042845637639036,0.2773092368602334,1.4746053200936677,4.586115665935889,80.2,28.629999999999995,4.15933021749164,17.9102399219746,25.2,53.90572862,75.421
Peru,2012,6.13972470560435,44.4,0.6781,0.405,-0.58197021484375,1.9600947840472698,2.4741163386081624,3.9819201794905252,0.3068003120898545,1.5284909350689557,4.574591181968569,82.0,28.63,4.28499267328807,19.066421608863,30.6,72.73380352,75.803
Peru,2013,5.85251821084928,43.9,0.6892,0.404,-0.574419617652893,1.8562979903656263,2.525803114082761,3.9276432211146957,0.3318601161933584,1.3265169308656377,4.625385463417032,84.7,28.63,4.45797770518099,20.8131640208248,31.4,85.14627675,76.052
Peru,2014,2.38215737180541,43.1,0.6696000000000001,0.393,-0.522552609443665,1.7578579175523736,2.5954106929960377,3.868136342340037,0.3774107531806189,1.4843158162012535,4.608114836115442,86.4,20.46,5.1266936706306,24.6070736917389,34.8,99.60853686,76.241
Peru,2015,3.25224477218451,43.4,0.6861,0.391,-0.499649614095688,1.7404661748405046,2.6365952569089988,3.832173600667885,0.4752401967597493,1.4811707985677527,4.6110952858522,88.1,20.46,6.6298100559419,29.7639607500021,36.0,110.1218612,76.43
Peru,2016,3.95331871520767,43.6,0.6874,0.37,-0.496036291122437,1.7227665977411035,2.6506815630624296,3.8370589388529397,0.4865244953789716,1.5167032729004772,4.628346339932469,89.7,20.46,6.74316089961862,30.0145290325562,38.2,98.78481683,76.617
Peru,2017,2.51883544233135,43.3,0.7035,0.365,-0.523281574249268,1.7047480922384253,2.654106041625994,3.8818431478287816,0.4855358771050132,1.3850186622856435,4.61719333576383,91.1,23.3,6.84419654543567,30.261687153432,39.2,99.18268397,76.804
Peru,2018,3.969351341365,42.4,0.6945,0.365,-0.56674337387085,1.5260563034950492,2.6445736932479504,3.9046251118028805,0.4988980562494534,0.919945736299106,4.601257741935504,92.1,26.14,7.10325436850144,32.3092275000503,40.2,105.0276552,76.989
Peru,2019,2.24063176875049,41.5,0.6717000000000001,0.367,-0.520058035850525,1.3862943611198906,2.656361922420464,3.8700233463881872,0.5160922807173984,1.1793076797836977,4.592115138906677,92.9,28.98,7.72711349614699,34.0437468209084,40.9,111.4742209,77.173
Peru,2020,-10.9333065010382,43.7,0.7090000000000001,0.373,-0.382843524217606,1.916922612182061,2.8224558680424856,3.8121135434724813,0.5448114591227418,1.099415984815462,4.590389397728706,93.9,33.52,7.88992227817477,37.7199291764532,45.5,118.631109,77.357
Peru,2021,13.3552295093079,40.1,0.6978000000000001,0.342,-0.532514691352844,1.33500106673234,2.691125370729833,4.0302371459818795,0.5589242548855845,1.6623460272170159,4.596783215275084,94.2,38.06,8.20784612815067,40.8996268175973,50.5,123.1285796,77.539
Peru,2022,2.72550021563363,40.3,0.6910000000000001,0.341,-0.552831411361694,1.308332819650179,2.665278970143438,4.064762520358577,0.5726761398923679,2.2336321815260725,4.6063893064502635,94.8,42.6,8.34542168801821,43.8679314540477,55.1,130.8994047,77.72
Peru,2023,-0.55018230632048,40.3,0.6910000000000001,0.83,-0.538132667541504,1.308332819650179,2.6860545254328247,3.9495019779109235,0.5775930349844343,2.008967236406504,4.671925591206723,95.2,42.6,8.16745728279023,42.8090253456419,60.0,121.3854737,77.907
Costa Rica,2003,4.31717986636224,49.3,0.6473,0.365,0.526866555213928,1.7404661748405046,2.740676490380178,4.434710488769806,0.3855874025990254,2.3463704603369657,4.394181242268018,96.9,49.46666666666667,16.501989438975933,33.7930985283336,3.9,3.541727008,57.264
Costa Rica,2004,4.42459959654504,48.4,0.6471,0.355,0.50290322303772,1.7404661748405046,2.706476116230886,4.457325151023206,0.3855874025990254,2.588877326408234,4.394181242268018,96.9,49.46666666666666,16.501989438975933,33.37901074252945,5.8,5.31801431,58.157
Costa Rica,2005,3.97666636818026,47.5,0.6471,0.344,0.497263669967651,1.4586150226995167,2.6750366131732255,4.502280658171729,0.456947836891725,2.694511965409974,4.411237442649513,96.9,49.46666666666666,16.501989438975933,35.02676478352275,9.56,8.066274189,59.052
Costa Rica,2006,7.3266954325067,49.3,0.6472,0.332,0.38971409201622,1.4586150226995167,2.650777031718138,4.508819565864027,0.4422611403485078,2.523373618603241,4.491133889543525,98.2,49.46666666666666,16.501989438975933,48.83479088838887,19.9,12.18830827,60.41
Costa Rica,2007,8.21513198348715,49.3,0.6472,0.334,0.354344755411148,1.0296194171811581,2.625050306624793,4.471142622793419,0.5156117059087411,2.337686232746079,4.507127814926918,98.5,49.46666666666667,16.501989438975933,49.77230288965933,20.3,18.58131934,61.753
Costa Rica,2008,4.73817487754022,48.6,0.647,0.331,0.453689336776733,1.2237754316221157,2.6794775110505626,4.470512590421611,0.5246740519611768,2.6689256228449905,4.5160730337627415,98.7,49.46666666666666,16.501989438975933,51.9798732195109,20.8,21.70532355,63.08
Costa Rica,2009,-0.873455942787785,50.6,0.647,0.325,0.578809499740601,1.252762968495368,2.8182864978704014,4.259284227147212,0.5087726498277658,2.1795924495282795,4.582697260777898,99.0,49.46666666666666,15.9931814755133,58.16765949597061,22.1,25.51746605,64.388
Costa Rica,2010,5.36034352634111,48.0,0.6471,0.315,0.535760879516602,0.9162907318741551,2.869074951418636,4.227010221434133,0.5172760215585397,1.896533375494262,4.614663479667962,99.1,49.46666666666666,15.9931814755133,35.860219133817,25.1,32.97533765,65.672
Costa Rica,2011,4.40315923970431,48.8,0.6469,0.307,0.443259000778198,1.0296194171811581,2.8882492970779037,4.243326859043748,0.5533762931057054,1.7712162804340814,4.638914679330595,99.1,49.46666666666666,15.9931814755133,35.860219133817,28.4,33.96875103,66.935
Costa Rica,2012,4.88259241025739,48.4,0.6496000000000001,0.301,0.528911471366882,0.9932517730102833,2.8786391831441938,4.220221263695862,0.5637079463424284,1.7039210491591157,4.665314309801127,99.2,49.46666666666666,17.8815589398535,35.860219133817,32.3,41.90588862,68.174
Costa Rica,2013,2.49476611209954,49.2,0.6542,0.293,0.563855290412903,0.9555114450274363,2.8975784571530867,4.175408449667034,0.6038327668429493,1.8295907787839982,4.7184520039161395,99.3,49.46666666666666,18.4731734883749,37.8629840925686,34.3,42.74082225,69.39
Costa Rica,2014,3.54210987765977,48.6,0.6487,0.303,0.583374798297882,0.9162907318741551,2.8909995191562268,4.192548158922845,0.6256283989670814,1.7082331007483582,4.759178076952416,99.4,50.36,20.5746430650479,43.7723776439847,36.5,67.68068898,70.575
Costa Rica,2015,3.65208096802883,48.4,0.6561,0.282,0.492798924446106,0.9555114450274363,2.8881605323862622,4.123151657075582,0.6242760990637297,0.5888871730650436,4.778419738423431,99.0,50.36,20.2959684255709,49.3806062420387,39.2,88.74215105,71.736
Costa Rica,2016,4.20432325175899,48.7,0.6636000000000001,0.278,0.431041657924652,0.832909122935104,2.874054862850148,4.145963707980795,0.6804912180947553,-0.017327852458462082,4.795745587905985,99.2,50.36,19.8903948433785,47.6533510789576,47.5,113.5432338,72.868
Costa Rica,2017,4.1576989627609,48.3,0.6524,0.273,0.42886871099472,0.7884573603642702,2.854063556690724,4.190744356421623,0.6943058139633157,0.9654263334845637,4.826992796885153,99.5,55.09,19.969542855501,44.3141331651118,46.0,148.4280298,73.946
Costa Rica,2018,2.6159044043379,48.0,0.6701,0.249,0.467835366725922,0.9162907318741551,2.844661323568548,4.2187035880876005,0.7258309963301128,1.169727453468167,4.863487859450452,99.6,59.82,22.7616703625001,46.0200427541641,53.0,144.9214415,74.97
Costa Rica,2019,2.41751181762513,48.2,0.6839000000000001,0.234,0.529464185237885,0.7419373447293773,2.876453174434536,4.201112037912242,0.7389767812145496,1.1301259276044424,4.927371989059725,99.4,64.55,22.6913491655596,47.4513205823866,59.8,153.9372109,75.941
Costa Rica,2020,-4.27335432161462,49.2,0.6936,0.231,0.498832434415817,1.1939224684724346,2.9287765436804443,4.113164455992415,0.7090077106644617,0.5451757321412702,4.919251022088751,99.4,65.64666666666666,22.2264048054795,49.7299243611404,65.9,168.4594269,76.862
Costa Rica,2021,7.93576224743147,48.7,0.6832,0.216,0.423667222261429,0.7884573603642702,2.863959218603422,4.273628765127668,0.713463231460881,1.0030105017511135,4.957253596038724,99.5,66.74333333333334,22.0041344187277,53.0984453119684,71.6,177.0248638,77.735
Costa Rica,2022,4.55149177958398,47.2,0.6275000000000001,0.209,0.435932785272598,0.6418538861723948,2.797030006198758,4.421578212980856,0.7269613397028418,2.2272983389080556,4.899026889325545,99.6,67.84,22.008151460415,55.1272484302097,73.5,168.5386493,78.56
Costa Rica,2023,5.11192183224598,46.7,0.6274000000000001,0.55,0.389316648244858,0.6418538861723948,2.7646506401068196,4.296904368737677,0.7277113169844871,0.42212129295592765,4.899026889325545,99.7,67.84,21.4715498065871,58.6380537725523,81.2,143.7687874,79.34
El Salvador,2003,1.56539303147618,50.4,0.619,0.455,-0.516855239868164,2.8213788864092133,2.695146243244744,4.237535148749016,0.2043086360958702,1.1379582879898344,4.173738267365641,81.637983,28.630000000000003,10.192834737113252,31.07904711848573,0.845,8.632305466,57.8
El Salvador,2004,0.889404485692197,47.8,0.6232,0.448,-0.490908056497574,2.5257286443082556,2.6926371845943575,4.259608463339973,0.2043086360958702,1.6959722283724494,4.229369612014118,79.129592,28.630000000000003,10.192834737113252,25.006823009155838,1.18,12.48015854,58.357
El Salvador,2005,2.68083009363194,48.5,0.6386000000000001,0.446,-0.505208492279053,2.509599262378372,2.707705423571034,4.25866919252379,0.2232125540423048,1.7388769669354402,4.225651325668393,84.5,28.63,10.192834737113252,35.3789731665476,1.5,14.32478944,58.912
El Salvador,2006,4.3369986028604,45.7,0.622,0.415,-0.691741585731506,2.163323025660538,2.730095315323544,4.310202538161085,0.2393473459547923,1.6168352037458067,4.221386472741511,87.1,28.63,10.192834737113252,45.9128728950283,1.9,14.78584826,59.464
El Salvador,2007,1.84760220587859,45.2,0.6309,0.419,-0.722936034202576,1.8082887711792655,2.73073776565946,4.364639552042902,0.2613318208025565,1.71884565727859,4.219010661252902,87.5,28.63,10.192834737113252,45.9128728950283,2.5,19.07779987,60.014
El Salvador,2008,2.15440298282768,46.9,0.6272,0.409,-0.694341421127319,2.163323025660538,2.7543429193169175,4.402637439472175,0.2747621551564121,2.042248752468848,4.2005774999434795,87.0,28.629999999999995,10.192834737113252,45.9128728950283,3.2,30.36254883,60.561
El Salvador,2009,-2.10876837627522,45.8,0.623,0.401,-0.783321619033813,2.128231705849268,2.839177857978832,4.205754610121652,0.3702726453843415,0.7207381728415727,4.208885109820593,87.4,28.630000000000003,8.522770193628787,45.5604582375641,4.2,39.94412219,61.107
El Salvador,2010,2.15419536693635,43.5,0.6053000000000001,0.398,-0.865749895572662,1.9878743481543455,2.816101986642861,4.3112995058460015,0.2793888501960057,0.7790201371325491,4.229734828766209,87.5,28.63,10.221201598247037,47.4286524146364,5.5,63.82719114,61.648
El Salvador,2011,3.77358499834686,42.3,0.6036,0.398,-0.751709401607513,1.840549633397487,2.818749819231168,4.385478715661373,0.3404803793209681,1.8130191663149828,4.2525963399082585,89.2,28.629999999999995,8.706603733790969,48.1551897350887,6.11,101.542819,62.187
El Salvador,2012,2.88770010188691,41.8,0.6021000000000001,0.381,-0.728603363037109,1.7227665977411035,2.818842407243725,4.364989468147868,0.3353165530686365,1.004204467414227,4.267772777875343,91.1,28.63,11.103658462751364,49.9239191050969,10.1,114.5449835,62.774
El Salvador,2013,2.18295232499635,43.4,0.6383,0.38,-0.637214183807373,1.5260563034950492,2.85104644679976,4.400004000266819,0.3506545667183767,0.5639886043785179,4.307322379643451,91.0,28.63,12.503810476701124,50.2764169762417,12.1,124.2162448,63.678
El Salvador,2014,1.7293998423459,41.6,0.6308,0.382,-0.469334870576859,1.4816045409242156,2.8305136613168953,4.370768824507931,0.4105006735127483,0.7614339846850802,4.297021923846137,91.1,13.76,11.8322047292787,51.5342970603847,15.9,125.9452597,64.57
El Salvador,2015,2.40000008852115,40.6,0.6047,0.378,-0.616807520389557,1.1939224684724346,2.8620546866686367,4.3510553210472125,0.4249815398906969,-0.5489213701821536,4.272465486222886,91.6,13.76,11.8322047292787,51.0548677298855,18.9,135.5007081,65.452
El Salvador,2016,2.53906241135864,40.0,0.6147,0.37,-0.757978737354279,1.2809338454620642,2.8516563008272273,4.301617415938098,0.4426357273980786,0.47253111184178154,4.250336807045909,92.6,13.76,11.8322047292787,54.5525792579328,20.3,140.3764699,66.325
El Salvador,2017,2.24761908134138,38.0,0.5936,0.37,-0.873291909694672,1.1631508098056809,2.8410128020011127,4.321541901711673,0.422708445199457,0.6993051975712267,4.218135155599796,93.7,21.41333333333333,10.799384867038,52.3104277458922,23.1,145.3672715,67.187
El Salvador,2018,2.4124442237792,38.6,0.5941000000000001,0.368,-0.930314421653748,1.0296194171811581,2.8396431120407577,4.339035843242014,0.4273899551219082,0.7373219510332325,4.230136213376382,95.0,29.066666666666663,11.6388878900683,49.9977176790519,24.8,148.0522346,68.036
El Salvador,2019,2.43747159065784,38.8,0.5963,0.358,-0.866013646125793,0.8754687373538999,2.835095158414552,4.344350897718916,0.3923306359849643,0.0726221370638473,4.205917582291117,95.1,36.72,11.2173926022112,49.2960792034564,26.8,149.7999219,68.874
El Salvador,2020,-7.893101359867,38.9,0.6165,0.359,-0.777085423469543,1.2007625204244745,3.029981628678658,4.2115275208269,0.3875565531366572,-0.3159708056261475,4.207718387094608,95.4,34.596666666666664,11.9103951997888,51.5041857038078,29.0,154.1835626,69.7
El Salvador,2021,11.9047617015957,39.0,0.5916,0.369,-0.866383194923401,1.5260563034950492,3.0129222621230394,4.416972309156171,0.3853246544725558,1.496700443425598,4.20522198200863,96.0,32.473333333333336,11.8404613515546,53.2701980017235,33.8,151.2456887,70.501
El Salvador,2022,2.79955216943868,38.8,0.5903,0.366,-0.742217719554901,1.4816045409242156,2.9419043669349585,4.490373537841422,0.4006410419573525,2.1039653785770094,4.194664395079595,96.8,30.35,11.6276751214129,54.0918954267897,43.8,150.3024373,71.275
El Salvador,2023,3.51097706608982,38.8,0.5903,0.92,-0.369357317686081,1.4816045409242156,2.9450528120494406,4.405778340110293,0.4361163945655814,1.6185060606597175,4.200867426992731,97.0,30.35,13.4457310800621,55.0597980078069,50.5,165.5481968,72.023
Honduras,2003,4.54703805165397,58.1,0.679,0.556,-0.936451733112335,3.3141860046725258,2.7676282642583865,4.81420083453329,0.2887985287003758,2.160349228302662,4.505384582815939,66.859519,28.63000000000001,10.192834737113252,20.508411421621133,0.574,1.213271137,44.447
Honduras,2004,6.23230296069102,58.1,0.6742,0.538,-0.850290715694427,3.2733640101522705,2.7732608721922385,4.916044419636732,0.2887985287003758,2.209788757636153,4.066537650122647,67.394103,28.63000000000001,10.192834737113252,22.218722464768803,1.2,2.332543405,44.952
Honduras,2005,6.05059922215973,59.5,0.6738000000000001,0.474,-0.771100759506226,3.261935314328648,2.804729999976304,4.923549499926727,0.2990270149562821,2.2833065246711866,4.066537650122647,67.4,28.63,10.192834737113252,22.2023358040942,1.42,3.475194439,45.458
Honduras,2006,6.56724355177587,57.5,0.669,0.479,-0.98868316411972,3.095577608523707,2.7728250144167608,4.8988231603556365,0.3318308084911203,1.88369305726379,4.066537650122647,64.2,28.63,10.192834737113252,36.6835662057379,2.6,4.651172067,45.964
Honduras,2007,6.18832716678008,55.8,0.6828000000000001,0.478,-0.928942918777466,2.8094026953624978,2.8680337772359645,4.913174125304298,0.3878030127100459,2.071436424676789,4.098889855339998,63.1,28.63,10.192834737113252,36.6835662057379,4.8,5.267541253,46.61
Honduras,2008,4.23160011009342,55.5,0.6785,0.475,-0.971363067626953,2.785011242238338,2.8967308067322866,4.918146801002728,0.4086626787293189,2.5179728119574665,4.100406145309634,65.1,28.629999999999995,10.192834737113252,36.6835662057379,5.6,9.578248846,47.267
Honduras,2009,-2.43162787988011,51.3,0.6612,0.478,-0.895501971244812,2.5877640352277083,2.9806053500927754,4.583997682232132,0.4050777832232826,1.8712393628163881,4.153113070324241,67.1,28.63000000000001,15.0727345737465,36.0320656003149,6.5,16.94021888,47.927
Honduras,2010,3.73114034433009,53.1,0.6606000000000001,0.473,-0.875314056873322,2.6946271807700692,2.9405594410497806,4.704489031632613,0.3779500517760296,1.7402715330502938,4.205819995338848,68.9,28.63,15.0727345737465,37.1910463818441,7.8,28.93089914,48.585
Honduras,2011,3.83569066207505,52.6,0.6527000000000001,0.472,-0.905360877513885,2.72785282839839,2.8369925696448597,4.813946238095807,0.3252652109701978,2.0492760504825123,4.200164528895733,71.3,28.629999999999995,15.0727345737465,37.8143681852083,9.4,52.80906136,49.245
Honduras,2012,4.12868774866939,53.4,0.644,0.463,-1.1464250087738,2.8903717578961645,2.8450130437511474,4.805562608440048,0.3553455551964347,1.8239339665381713,4.1770875955296445,73.5,28.63,15.8148231223406,38.8417580655353,9.6,76.65862687,49.905
Honduras,2013,2.79155975746801,50.0,0.6521,0.454,-1.17302989959717,2.747270914255491,2.87547317015337,4.764786325066584,0.3586461399564553,1.8183850069558725,4.135188956393826,76.4,28.63,17.725197338374,44.7293531580234,9.8,101.3706519,50.566
Honduras,2014,3.0580805621437,49.9,0.6419,0.438,-0.943307340145111,2.6602595372658615,2.793145449164855,4.735979979660979,0.3617522621523245,1.9642059418046205,3.9155282835891554,78.3,20.51,21.0882101037164,52.270420067944,11.1,112.473642,51.225
Honduras,2015,3.84007997093951,49.2,0.6428,0.432,-0.942611634731293,2.6390573296152584,2.728195695729315,4.684576432894884,0.3522936472952077,1.424993587315085,3.9322132355560084,81.0,20.51,22.3658137121851,51.291832674053,15.9,93.50217756,51.885
Honduras,2016,3.89297219726413,49.8,0.6445000000000001,0.428,-1.1369264125824,2.747270914255491,2.715617237762049,4.61329426561157,0.3582889172194204,1.3149627478767572,3.9454382429901247,82.2,20.51,21.4529589507916,50.3382201748979,18.1,83.82310291,52.543
Honduras,2017,4.84291391050387,49.4,0.6424000000000001,0.427,-1.06041383743286,2.7013612129514133,2.674039433856622,4.632912884573613,0.3596672456432828,1.5962231496892565,3.9461401507238327,83.6,24.17,18.8184590283599,47.4622470777193,17.8,86.68153462,53.202
Honduras,2018,3.84499476966735,48.9,0.646,0.435,-1.05719459056854,2.7212954278522306,2.6715419090481634,4.6496765421729895,0.3574327332935962,1.6766009947287879,4.061096791347072,87.2,27.83,19.0780302486221,47.3092310306697,23.0,84.63214651,53.858
Honduras,2019,2.55963434592314,48.2,0.6401,0.445,-1.0414981842041,2.617395832834079,2.699953144629477,4.609759419267115,0.357173866604775,1.680058822942008,4.176053431970312,88.7,31.49,20.9216308938343,51.2756482307446,27.1,86.59296148,54.514
Honduras,2020,-8.96508223267296,48.2,0.6584,0.436,-1.01033341884613,2.617395832834079,2.813077075644393,4.488645991973814,0.3350172174498934,1.497033038892229,4.057455590928306,90.0,36.10666666666667,21.2248912484432,54.7226868179144,29.5,82.79219153,55.165
Honduras,2021,12.5652843771279,48.2,0.6409,0.417,-1.08797383308411,2.617395832834079,2.813852470853717,4.647967605286617,0.3331261207603511,1.7012656052562398,4.017375861144526,91.6,40.723333333333336,21.0599785157917,55.0869372049161,31.7,85.52647898,55.813
Honduras,2022,4.14356194013767,48.2,0.6334000000000001,0.427,-1.0175416469574,2.617395832834079,2.726289113936386,4.7335504271803925,0.3447406994476156,2.3115090671500855,4.010269931003857,86.5,45.34,19.0653186647017,54.5936002238152,36.0,77.49076112,56.457
Honduras,2023,3.58260362632656,48.2,0.633,1.12,-1.09500813484192,2.617395832834079,2.7357390305199356,4.5946498252318655,0.3637099490444592,2.03643641109535,4.027186986641018,91.6,45.34,19.2639333709499,57.8354023642267,39.4,75.91082245,57.096
Nicaragua,2003,2.52073289551447,48.8,0.6789000000000001,0.521,-0.560249149799347,2.312535423847214,2.320886322843273,4.145909696213981,0.0994272622679584,1.8409285667042017,4.176820431716599,69.047103,28.63000000000001,10.192834737113252,34.70972888288701,0.498,0.875842941,54.886
Nicaragua,2004,5.31217056950739,48.8,0.6743,0.524,-0.788531184196472,2.312535423847214,2.3109632110826057,4.222375893576701,0.0994272622679584,2.2481511493836552,4.176820431716599,72.2001266479492,28.63000000000001,10.192834737113252,34.531718488059646,0.98,1.762445586,55.036
Nicaragua,2005,4.28239833770654,48.8,0.6737000000000001,0.521,-0.614661514759064,2.312535423847214,2.3445091922269468,4.285594526718832,0.1256849228361918,2.360769078705069,4.219316166591634,73.0,28.63,10.192834737113252,35.50185057387527,1.45,3.168043069,55.185
Nicaragua,2006,4.15319958790397,47.574999999999996,0.669,0.528,-0.752042233943939,2.291905167925213,2.782911776670547,4.480848989221015,0.1409223223328145,2.3165076890714578,4.2121629750377165,72.2,28.63,10.192834737113252,13.7178365947142,1.71,4.511270761,55.335
Nicaragua,2007,5.07581749945302,46.349999999999994,0.6828000000000001,0.515,-0.788387358188629,2.271274912003212,2.7092596346354463,4.543563284571305,0.1550157865627079,2.4954289906600784,4.251197841965579,74.1,28.63,10.192834737113252,13.7178365947142,1.88,8.767622846,55.484
Nicaragua,2008,3.43477216304957,45.125,0.6782,0.506,-0.808183550834656,2.250644656081211,2.6972068214495817,4.582864095933172,0.1839674531183367,3.0362119596730692,4.227733386268476,74.6,28.629999999999995,10.192834737113252,13.7178365947142,2.32,13.71320868,55.633
Nicaragua,2009,-3.29129212830696,43.9,0.6615,0.488,-0.786913633346558,2.2300144001592104,2.7406987818374584,4.477268343920907,0.1674222084529358,1.5447930613744703,4.23041897406414,75.2,28.63000000000001,4.94490477012486,15.1303966197719,2.57,20.52144966,55.782
Nicaragua,2010,4.40964549908733,44.36,0.6607000000000001,0.478,-0.837366938591003,2.1018585611506846,2.714541358976091,4.618718687972275,0.1476382156456746,1.8648758232882279,4.233104561859805,73.8,28.63,4.94490477012486,17.6800014490544,2.81,33.09732772,55.935
Nicaragua,2011,6.31747638326586,44.82,0.6529,0.434,-0.725575923919678,1.9737027221421586,2.68093552655343,4.725861110358631,0.1581693454407295,2.2063371515376846,4.235013115270106,76.3,28.629999999999995,4.94490477012486,19.6395041737259,3.9,44.62419926,56.132
Nicaragua,2012,6.49597922902167,45.28,0.6438,0.426,-0.733911514282227,1.8455468831336328,2.6788635954707587,4.755122187361224,0.1604108111676655,2.1033473244824807,4.236921668680407,76.9,28.63,6.30130803431429,22.6195637092088,5.3,54.64384473,56.328
Nicaragua,2013,4.92611504652518,45.74,0.652,0.425,-0.674326598644257,1.7173910441251068,2.6920607775580874,4.718363418814792,0.1714198438088376,2.0962332501290484,4.238830222090707,77.5,28.63,7.01520696435387,26.4616655344019,7.3,57.95828815,56.525
Nicaragua,2014,4.78649248722054,46.2,0.6417,0.431,-0.714166402816772,1.589235205116581,2.7265246579006153,4.679331516862476,0.1865442804335582,1.9510353666584648,4.240738775501008,77.9,14.22,7.46658702307175,32.9624753605887,10.0,67.66439527,56.721
Nicaragua,2015,4.79144081994679,46.2,0.6427,0.431,-0.754737794399261,1.589235205116581,2.711534037017567,4.597073435912912,0.2037845606724167,1.6089137684834482,4.242647328911309,80.1,14.22,8.24672902504548,31.3903649646792,10.6,81.16938965,56.917
Nicaragua,2016,4.56295442923394,46.2,0.6443,0.424,-0.656879246234894,1.589235205116581,2.7383284936645325,4.551914152793024,0.2406745018714944,1.5092137776877321,4.24455588232161,81.2,14.22,8.15996736013056,28.4640339164049,13.5,97.03373143,57.113
Nicaragua,2017,4.63253398090997,46.2,0.6425000000000001,0.424,-0.660670220851898,1.589235205116581,2.7350519240962803,4.578620692113251,0.2552190763762947,1.5791171825459311,4.24646443573191,81.3,15.96,6.82468326436583,26.7903691296877,15.5,111.2683166,57.309
Nicaragua,2018,-3.36368764606334,46.2,0.6459,0.423,-1.07846295833588,1.589235205116581,2.760175874009687,4.553718800472203,0.2284038234609075,1.7829267891043692,4.248372989142211,81.9,17.700000000000003,7.17849323427013,26.2021703423694,17.6,113.8384416,57.505
Nicaragua,2019,-2.89702791954369,46.2,0.64,0.421,-1.20158541202545,1.589235205116581,2.785827938804397,4.554321856234145,0.2125118841254732,1.8525864091558215,4.250281542552512,81.9,19.44,7.06991574104293,28.7257857991573,19.7,115.3296496,57.7
Nicaragua,2020,-1.75595289214087,46.2,0.6585000000000001,0.418,-1.19874393939972,1.589235205116581,2.7834108227442003,4.4987639171595015,0.2080190150324161,1.543685516983674,4.2521900959628125,83.2,23.246666666666663,7.40692913347457,31.8720432422989,24.6,121.2275335,57.895
Nicaragua,2021,10.3160912841791,46.2,0.6408,0.412,-1.36633682250977,1.589235205116581,2.796913619829967,4.6793049983638015,0.2184766811950487,1.7797567184654466,4.2540986493731126,83.9,27.05333333333333,7.58856246138603,33.8611180253853,30.4,126.2222916,58.09
Nicaragua,2022,3.75228475736668,46.2,0.6331,0.408,-1.3109118938446,1.589235205116581,2.69019481737411,4.756511556398653,0.2303732177024396,2.439510358986919,4.2560072027834135,84.6,30.86,8.09147198608454,36.8512472678911,33.9,113.2267851,58.299
Nicaragua,2023,4.56922317096145,46.2,0.6334000000000001,1.03,-1.27818691730499,1.589235205116581,2.577465983552455,4.66219990836852,0.2344416270663545,2.2393959062925415,4.257915756193714,85.2,30.86,11.051656865773,38.5800094922498,37.8,86.86221512,58.522
Panama,2003,5.09686030493801,55.7,0.6789000000000001,0.479,-0.140504896640778,2.388762789235098,2.7414584041515577,4.772948829900259,0.236809103978432,0.33050206963470213,4.225462410230909,79.0925750732422,28.63000000000001,10.192834737113252,31.18618365059881,3.84,7.912963114,60.632
Panama,2004,8.17565333965649,54.8,0.6741,0.451,-0.107689194381237,2.272125885509337,2.7152325598216316,4.834389295826082,0.2211840713317658,0.3884702285754685,4.225462410230909,79.8859558105469,28.63000000000001,10.192834737113252,33.5072637394851,6.55,13.67214451,61.451
Panama,2005,8.27618334503531,53.8,0.6738000000000001,0.439,-0.101316899061203,2.2617630984737906,2.708509499053316,4.94314960828217,0.4751871230003514,1.3496000981803618,4.228795859109403,81.4,28.63,10.192834737113252,39.06739041527677,7.27,15.52228927,62.198
Panama,2006,9.85723870564752,54.6,0.6689,0.442,-0.15525296330452,2.341805806147327,2.664861141850166,4.9591494989459,0.4751871230003514,1.240659578348383,4.227494889360989,81.5,28.63,10.192834737113252,34.96062381640547,8.52,16.8486602,62.497
Panama,2007,13.1530653782933,52.7,0.6825,0.44,-0.17409847676754,2.0412203288596382,2.5831812361713142,5.008403479380019,0.4751871230003514,1.6426082440780791,4.234341882414843,82.1,28.63,10.192834737113252,24.65949681454337,9.99,21.76276901,62.794
Panama,2008,10.1974325907958,52.7,0.6785,0.442,-0.203979909420013,1.62924053973028,2.5481261151389063,5.109492425332165,0.4769294994957151,2.278157470962578,4.251349137005761,87.8,28.629999999999995,10.192834737113252,27.200552670284136,11.1,38.84758508,63.091
Panama,2009,1.61186405976055,51.8,0.6612,0.48,-0.0972685068845749,1.252762968495368,2.536925460997644,4.927587119494244,0.4750474193344303,1.2264345520907534,4.274327414120324,83.4,28.63000000000001,7.946374447327776,27.31358968879307,11.5,52.89805885,63.387
Panama,2010,6.07339353106087,51.6,0.6607000000000001,0.482,-0.0802930667996407,1.4816045409242156,2.5834316946429206,4.986675324901093,0.4973938707323238,1.5021396819941115,4.296666559107021,84.1,28.63,8.512518248867192,17.4356726915411,17.3,64.55108304,63.682
Panama,2011,11.9088772249531,51.3,0.6526000000000001,0.482,0.0258786492049694,1.252762968495368,2.520342594100634,5.070214006610397,0.5152910965263772,1.928008354819821,4.293899703711687,84.8,28.629999999999995,8.007652294048503,21.40555754510653,22.3,87.73233237,63.976
Panama,2012,9.62729346439019,51.7,0.644,0.479,-0.222083896398544,1.5040773967762742,2.4355898294757274,5.038306363374077,0.54117853356164,1.9018387726231614,4.324526342423082,85.5,28.63,21.5949829736666,28.10131050904773,33.8,112.0153602,64.268
Panama,2013,6.32435388662846,51.5,0.6523,0.475,-0.253414422273636,1.1631508098056809,2.42176141392136,4.898373753907808,0.5820865463648591,1.6148551955652395,4.355152981134478,86.3,28.63,21.5949829736666,30.668060904416706,39.1,170.4438993,64.56
Panama,2014,4.62581375565551,50.5,0.642,0.424,-0.0646798387169838,1.3609765531356006,2.362514935365194,4.7533367531924196,0.610607797913362,1.2882754407933432,4.350000975598676,87.0,24.93,21.5949829736666,32.19361351901934,40.1,183.417508,64.851
Panama,2015,5.26691719595516,50.8,0.643,0.419,-0.140977621078491,0.9162907318741551,2.385111431248076,4.580663918799018,0.6320328368352743,0.12882589024629296,4.356826781909585,86.9,24.93,22.6267269666227,82.0699638901572,42.7,182.5975676,65.14
Panama,2016,4.57196707937275,50.4,0.6446000000000001,0.416,0.0336839631199837,0.9162907318741551,2.4434115159467225,4.447298931928122,0.6417139673889836,0.553732242519337,4.43115851916005,88.6,24.93,22.4973580536162,82.0699638901572,40.3,165.480489,65.437
Panama,2017,5.7440594635578,49.9,0.6426000000000001,0.412,0.0075527080334723,1.1314021114911006,2.476626850973087,4.443210361812312,0.6386421835731191,0.6289211006128099,4.355667752921545,89.3,31.17333333333333,22.8386136260002,82.0699638901572,44.0,162.3588926,65.741
Panama,2018,3.91819807389903,49.2,0.6458,0.404,-0.159112378954887,0.8754687373538999,2.483213948892612,4.467412291546068,0.6370396264198541,0.5662102022831788,4.374077433144794,89.1,37.41666666666666,22.7804340111498,80.3174014231941,44.9,177.5895959,66.052
Panama,2019,3.10306788630359,49.8,0.64,0.392,-0.191898912191391,0.6931471805599453,2.4952566161750287,4.399727183623157,0.6399741441572249,-0.30386331295066454,4.392487113368042,90.8,43.66,22.384004890849,79.5923009811289,51.2,145.1045438,66.371
Panama,2020,-17.8212299695008,50.349999999999994,0.6585000000000001,0.377,-0.284955024719238,0.7175422626446613,2.7560546759256286,4.244206393940313,0.6328296726651987,-0.9362013564904142,4.410896793591291,91.6,44.60333333333333,23.7188872620791,65.4374135780348,54.0,127.7034008,66.696
Panama,2021,16.4671249191559,50.9,0.641,0.381,-0.269385784864426,0.7419373447293773,2.6908164569942232,4.396095496526043,0.6311113275843014,0.9672512526459196,4.429306473814539,92.4,45.54666666666667,24.094839007393,80.8728229135061,60.0,128.909028,67.027
Panama,2022,10.769665870619,49.9,0.6335000000000001,0.38,-0.359851568937302,0.7874232338322407,2.624152443031995,4.55057860301006,0.6341707239279286,1.3505768395894053,4.429306473814539,93.7,46.49,23.7417070849328,82.9324277346101,61.8,137.3834585,67.365
Panama,2023,7.39930155626219,48.9,0.6334000000000001,0.94,-0.3459812104702,0.832909122935104,2.5792933916799674,4.505715180470747,0.6416485758572148,0.9108413319366239,4.429306473814539,93.8,46.49,23.4943573983663,84.1908718597278,63.6,137.6404715,67.709
Dominican Republic,2003,-1.34570618506442,52.1,0.6588,0.488,-0.640382707118988,2.272125885509337,2.2655977156920355,4.44792559545645,0.2676787265585018,3.348138063489361,4.246912744047366,87.0719375610352,28.63000000000001,10.192834737113252,28.700561692560417,1.1,5.045953253,60.107
Dominican Republic,2004,2.57013427930197,52.0,0.6591,0.491,-0.680870890617371,2.533696813957432,2.1503768070562836,4.410995735626656,0.2676787265585018,3.9600673645790274,4.246912744047366,91.0,28.63000000000001,10.192834737113252,25.68778334304565,3.7,8.259550168,60.933
Dominican Republic,2005,9.4282369467968,50.0,0.659,0.49,-0.685749292373657,2.128231705849268,2.207107884948124,4.137620483173399,0.2865876362635158,1.6467727339342655,4.270019646341279,88.8,28.63,10.192834737113252,27.167266823384704,4.43,14.65078025,61.753
Dominican Republic,2006,9.1743554058408,52.0,0.659,0.481,-0.584695756435394,1.9878743481543455,2.281057495298811,4.170788226257061,0.2409575776917025,2.1485950114321155,4.3317498876573435,89.8,28.63,10.192834737113252,30.1429120502778,6.82,19.33586664,62.565
Dominican Republic,2007,7.41595171481455,48.9,0.6591,0.486,-0.625862598419189,1.9600947840472698,2.320136938496948,4.1422967671013255,0.2540490757956117,1.9662121687884573,4.393480128973409,89.7,28.63,10.192834737113252,28.8674438020582,7.9,23.45233979,63.371
Dominican Republic,2008,3.20950426157958,48.1,0.6592,0.484,-0.682735621929169,1.8562979903656263,2.4030293673555865,4.133437912958792,0.2609523655215244,2.4548443648396683,4.3789864727119845,89.2,28.629999999999995,10.192834737113252,27.200552670284136,8.87,28.02197735,64.605
Dominican Republic,2009,0.946155167790621,48.9,0.6589,0.49,-0.809174060821533,1.7404661748405046,2.460064487352968,3.9437596791437652,0.2669244892500703,0.8928793386924068,4.4032008452557845,90.3,28.63000000000001,9.97744035989175,23.6407582982231,11.5,39.53497786,66.003
Dominican Republic,2010,8.33965105962218,47.3,0.659,0.479,-0.855494201183319,1.589235205116581,2.391246982334895,4.043050146280481,0.2731326147618297,1.9919662663962283,4.369091235410649,90.1,28.63,9.97744035989175,23.6407582982231,14.8,49.60766544,67.37
Dominican Republic,2011,3.13342300326755,47.7,0.659,0.477,-0.808169066905975,1.62924053973028,2.3342914948754174,4.0941723123601985,0.3056312284415354,1.9164472186218187,4.362171101849201,90.1,28.629999999999995,9.97744035989175,23.6407582982231,17.7,58.63367597,68.71
Dominican Republic,2012,2.71736789670562,46.1,0.6589,0.472,-0.716865837574005,1.5686159179138452,2.387491009518585,4.08410353284826,0.3143847675907801,1.5463909884663556,4.369271974628745,96.9,28.63,9.94002310445305,19.6494366342449,20.8,75.71692085,70.02
Dominican Republic,2013,4.87520509332271,47.7,0.684,0.47,-0.534985601902008,1.3862943611198906,2.437844260171467,4.054940938371531,0.3346183569667721,1.7631801032538832,4.384168104585405,97.6,28.63,9.91722781913145,18.6926214053015,27.7,89.44610736,71.3
Dominican Republic,2014,7.05046368965911,44.3,0.6497,0.47,-0.383904725313187,1.4816045409242156,2.4398473869127044,4.034177330821874,0.3505155030659299,1.3859548688119454,4.39586223111933,97.9,38.2,9.9250851447265,20.7082666024064,31.4,90.967736,72.542
Dominican Republic,2015,6.9270187716221,45.2,0.6611,0.466,-0.529519259929657,1.252762968495368,2.423806296961326,3.9735145965828877,0.3817596165634334,0.6079957165273276,4.393682059284569,98.1,38.2,10.0538694293556,20.726679618243,38.0,88.56030809,73.753
Dominican Republic,2016,6.65920026269582,45.7,0.676,0.452,-0.394124180078506,1.0986122886681098,2.42504078555598,3.962449378003888,0.3968387763743481,0.96094514510907,4.395614736390733,97.9,38.2,10.2068779325044,21.5497953498639,42.3,89.06690359,74.827
Dominican Republic,2017,4.66670467732366,42.2,0.6403,0.449,-0.428010761737823,0.6931471805599453,2.4797804911893766,3.9362293617629405,0.4019606494535153,1.4538494871292391,4.393716558704587,97.9,43.49666666666667,10.2372338817039,22.7101349836385,45.9,90.58150835,75.802
Dominican Republic,2018,6.98252758458058,43.7,0.6648000000000001,0.45,-0.365240544080734,0.5877866649021191,2.4731593349182655,3.971347325982361,0.407990584626003,1.5182945764951572,4.397111374780933,98.4,48.79333333333334,10.6598273832137,22.9052179850353,49.6,80.75708159,76.749
Dominican Republic,2019,5.05216802016253,41.9,0.6363,0.437,-0.320300966501236,0.5877866649021191,2.490623383895823,3.9514580210200134,0.4094960410219812,1.0333993251870555,4.417107049653167,98.5,54.09,10.4873993967397,22.4928773646523,54.2,84.54150519,77.67
Dominican Republic,2020,-6.72023937283404,39.6,0.6223000000000001,0.431,-0.171013608574867,0.6931471805599453,2.6120248922488747,3.813166990729239,0.3884944758242112,1.5646563807733158,4.394997284737339,98.6,54.80666666666667,11.654886090628,23.3897511109954,63.9,82.71721586,78.566
Dominican Republic,2021,12.2719902347896,38.5,0.6139,0.423,-0.11635073274374,0.6418538861723948,2.522933727166859,3.9840620844462884,0.379235959292173,2.223866884764025,4.339960155585955,98.9,55.52333333333333,11.5613794322234,25.2038732295267,67.6,82.36053386,79.436
Dominican Republic,2022,4.85832403582451,37.0,0.5995,0.422,-0.0933533534407616,0.5877866649021191,2.513190112984053,4.011533905462556,0.4003115604994302,2.283513591825189,4.350643292995533,100.0,56.24,12.552729589018,25.9668074857324,74.8,83.02096599,80.277
Dominican Republic,2023,2.36061568723294,37.0,0.5995,1.06,-0.128592282533646,0.5877866649021191,2.508788316551671,3.9242545381407417,0.4356666806607418,1.7553742859275545,4.29432237270865,98.9,56.24,12.5811812716322,26.8524647811727,79.7,82.22940664,81.074
Argentina,2003,8.83704079576924,51.0,0.6136,0.397,-0.777115821838379,1.8562979903656263,2.5207608687530305,3.729175262969396,0.2564516142845767,2.122050786656693,4.579912237615424,94.8150024414063,28.63000000000001,10.192834737113252,20.1870018252819,3.28,10.50082052,88.759
Argentina,2004,9.02957330068152,48.5,0.6031000000000001,0.39,-0.767380177974701,1.589235205116581,2.4944143140068022,3.7303247609494306,0.2564516142845767,2.1220507866566924,4.574686438294091,95.1331558227539,28.63000000000001,10.192834737113252,21.9334587634322,7.04,17.5015229,88.952
Argentina,2005,8.85165992013437,47.8,0.5971000000000001,0.375,-0.557991087436676,1.308332819650179,2.575802649597644,3.72692810977764,0.275180319139761,1.8937202700717939,4.555839813981994,95.7,28.63,10.192834737113252,24.1532987732827,9.78,17.98746665,89.142
Argentina,2006,8.04715150043027,46.4,0.5942000000000001,0.375,-0.57701563835144,1.1631508098056809,2.597447478137938,3.724089246573961,0.2968985745483057,1.742034720294604,4.542887581896792,95.5,28.63,10.192834737113252,24.8933437498898,10.9,17.33333812,89.329
Argentina,2007,9.00765087504757,46.3,0.6001000000000001,0.374,-0.60147225856781,1.0296194171811581,2.6382944598728244,3.736363303963629,0.3286409282382445,1.8074098585525527,4.5391417044992135,96.1,28.63,10.192834737113252,23.8947336198062,11.9,20.48748472,89.51
Argentina,2008,4.05723310346406,45.0,0.6004,0.373,-0.699731647968292,0.9555114450274363,2.6833143269795503,3.7233454531193373,0.3570611834687838,1.7870026002286448,4.548640281582869,96.3,28.629999999999995,10.192834737113252,20.833574652466,16.0,34.94389378,89.686
Argentina,2009,-5.91852507634947,43.8,0.5917,0.37,-0.694468080997467,0.9555114450274363,2.8275441720889956,3.556978928202712,0.3737674422377626,1.8396435065562762,4.581256686847961,96.5,28.63000000000001,13.3156521189553,15.3318584042485,17.7,56.70883514,89.86
Argentina,2010,10.1253981561002,43.7,0.5947,0.37,-0.59809422492981,0.5306282510621704,2.782769093997953,3.5827134269957788,0.3960751649608027,1.5781351001755404,4.607467578529078,96.7,28.63,13.3156521189553,10.7627059172487,20.9,79.81991978,90.031
Argentina,2011,6.00395169280579,42.7,0.5911000000000001,0.364,-0.563123285770416,0.5306282510621704,2.8147472142451564,3.5892291320019933,0.4311273423450988,1.5858584263847582,4.624912449488032,97.0,28.629999999999995,13.3156521189553,9.68251819633223,25.9,101.3182303,90.2
Argentina,2012,-1.0264204544321,41.4,0.5863,0.353,-0.623034238815308,0.4700036292457356,2.8704772689829303,3.4508298060058284,0.4719992474024341,1.56970970803896,4.642295463483777,97.2,28.63,13.1251956816283,10.6534929189359,28.1,115.4815533,90.366
Argentina,2013,2.40532378079436,41.1,0.5875,0.352,-0.656328618526459,0.5306282510621704,2.879548833935925,3.4122668550879185,0.4863459596713976,1.5718423274185824,4.659627578677345,97.5,28.63,13.1189336598859,11.9102616607561,34.0,128.9999606,90.53
Argentina,2014,-2.51261532081394,41.8,0.5877,0.347,-0.866627335548401,0.4700036292457356,2.887583192186437,3.3812257240188868,0.5042451569521988,1.7474067524192232,4.673689516009997,97.8,33.13,13.0662423365824,13.0985413493544,45.0,138.8859542,90.691
Argentina,2015,2.73115982828944,42.05,0.5924,0.338,-0.74863588809967,0.500315940153953,2.949603502087197,3.1564141254391416,0.5299550113165198,1.917961103264761,4.6872023496790725,98.8,33.13,12.9998042125218,12.313946714342,51.0,146.2467408,90.849
Argentina,2016,-2.08032784377811,42.3,0.5995,0.333,-0.320159524679184,0.5306282510621704,2.9260915951256514,3.2993081618158002,0.5637612533885847,1.9771729929147495,4.706335397844546,99.0,33.13,12.8596088277483,12.4162075416805,55.8,153.3349717,90.99
Argentina,2017,2.81850297775918,41.4,0.5926,0.321,-0.237312033772469,0.4700036292457356,2.9283574096528,3.269173466990252,0.5840358667307175,1.6577788654151349,4.7132386940151045,99.1,38.82,12.9737829355223,12.6901062454749,59.9,158.9154655,91.121
Argentina,2018,-2.61739646282038,41.7,0.5937,0.301,-0.219330430030823,0.6931471805599453,2.821682242528682,3.4582874806406863,0.6072246706959072,1.5081152102634192,4.706796726394824,99.3,44.510000000000005,13.0730805676115,14.0087151168124,64.7,142.9902363,91.249
Argentina,2019,-2.00086100285785,43.3,0.6021000000000001,0.283,-0.427360445261002,0.7419373447293773,2.8589522719829463,3.5154368141918395,0.5986741484916464,1.497273957186326,4.714011384775798,100.0,50.2,13.1486122621977,15.2128150156924,68.0,142.9639551,91.377
Argentina,2020,-9.9004848136464,42.7,0.6017,0.285,-0.486265957355499,0.7884573603642702,2.8832916073305475,3.440536639308501,0.6165240027409584,1.597190446736024,4.731068464977999,99.7,49.70333333333333,13.1655786515273,15.7290920133564,71.0,145.9179567,91.503
Argentina,2021,10.4418119882506,42.4,0.5943,0.272,-0.477947890758514,0.6418538861723948,2.828249157096799,3.5286722495629697,0.6204817143625114,1.9830286448588432,4.766944148125174,99.9,49.20666666666667,13.1425168032007,13.8237692455151,74.3,140.5014607,91.627
Argentina,2022,5.26987967384072,40.7,0.5931000000000001,0.262,-0.482351809740067,0.4700036292457356,2.8234990886375435,3.482706951585711,0.632032829831293,2.039775428774393,4.757332042492873,100.0,48.71,13.1738747248602,14.4142330417064,77.7,131.9371685,91.749
Argentina,2023,-1.61100162090189,40.7,0.5933,0.7,-0.410826534032822,0.4700036292457356,2.8557497740709534,3.3192825274341713,0.6363531359812443,2.1026218843012057,4.757332042492873,100.0,48.71,13.3617382048899,13.6676334273514,79.9,125.9409814,91.87
Bolivia,2003,2.71133983700673,55.0,0.6788000000000001,0.4814,-0.46946907043457,2.4159137783010487,2.863408233069881,3.9696848697909197,0.0867668356691989,1.46724626997136,4.436393204638155,71.2,28.63000000000001,10.192834737113252,52.7372304538668,0.982,4.980938617,60.739
Bolivia,2004,4.17329558916248,55.0,0.6745,0.46399999999999997,-0.626744568347931,2.4159137783010487,2.848306873001299,4.068415731535328,0.0867668356691989,1.6932974745225196,4.470277830005519,70.929888,28.63000000000001,10.192834737113252,58.2754233787146,1.44,6.780441344,61.264
Bolivia,2005,4.42143312687979,58.5,0.6737000000000001,0.4652,-0.765424847602844,2.8094026953624978,2.8317156054150536,4.228903738016549,0.0959265851255213,1.8552397851806242,4.482160981814065,70.0,28.63,10.192834737113252,64.0518430826259,2.12,8.917328029,61.787
Bolivia,2006,4.79700882356067,56.7,0.6687000000000001,0.4408,-0.85372930765152,2.6026896854443837,2.7313911795028885,4.3246338343733415,0.1080614030034832,1.66437979175801,4.472674023929011,69.3,28.63,10.192834737113252,64.4499926981327,3.12,11.49737045,62.306
Bolivia,2007,4.56438426887887,54.5,0.6829000000000001,0.4438,-0.832326352596283,2.3513752571634776,2.711952743149252,4.344609143557067,0.2235663778538395,2.2727039901054624,4.46647805613864,64.0,28.63,10.192834737113252,58.7218026947676,3.51,14.11936214,62.783
Bolivia,2008,6.14849787462164,50.8,0.6785,0.45519999999999994,-0.978549301624298,2.2300144001592104,2.6586760947543797,4.42923245987159,0.2013758591063228,2.7085041494022146,4.458621609806151,72.3,28.629999999999995,10.192834737113252,53.5566000288069,4.44,19.53921968,63.248
Bolivia,2009,3.35699957430565,49.2,0.6612,0.4588,-1.11391890048981,2.2823823856765264,2.754218826703133,4.243153484701624,0.2267896504345968,1.4693603865943503,4.439733832840687,75.9,28.63000000000001,4.34874670673036,51.001676850074,5.23,25.82171069,63.711
Bolivia,2010,4.1267225910567,47.650000000000006,0.6604,0.438,-1.02979016304016,2.0614660095370065,2.6967343139708837,4.337442706426149,0.2529804605195229,1.253698547402735,4.499278438621258,68.3,28.63,4.34874670673036,47.880519858362,6.2,30.13983939,64.17
Bolivia,2011,5.204092443086,46.1,0.6528,0.43879999999999997,-0.984035789966583,1.840549633397487,2.6930787888881875,4.424611818953314,0.2939550073956679,2.387336469610836,4.467865027780664,76.2,28.629999999999995,4.34874670673036,42.6507012903778,10.5,33.51209002,64.628
Bolivia,2012,5.12227558091757,46.6,0.6438,0.429,-1.01876401901245,2.0149030205422647,2.6699762996832486,4.453751318327593,0.3154059421452109,1.7075809693038533,4.49016921696331,80.2,28.63,4.9385920630252,39.7951588996808,12.5,50.99491498,65.082
Bolivia,2013,6.79601142810841,47.6,0.6523,0.44000000000000006,-1.05095064640045,1.824549292051046,2.69742827675586,4.4095312353650185,0.3494142958514252,1.907525692810864,4.510050631324186,84.7,28.63,5.54753604622661,35.1778876648113,16.8,64.31385416,65.535
Bolivia,2014,5.46056957461593,47.8,0.6419,0.4236000000000001,-1.05833506584167,1.667706820558076,2.7541094416323655,4.457417805277746,0.3593918319891949,1.9119988553309133,4.517406517486642,86.8,28.03,15.2591997779778,34.3464279647996,22.4,70.22501607,65.984
Bolivia,2015,4.85718723245387,46.7,0.6427,0.42379999999999995,-1.16211700439453,1.7227665977411035,2.9175143860247594,4.233132772519705,0.3701364360652047,1.6212894865321261,4.530412389143521,88.0,28.03,15.820082770296,31.4948343659664,30.0,80.34893557,66.43
Bolivia,2016,4.26392083754456,45.2,0.6445000000000001,0.4096,-1.23873949050903,1.8870696490323797,2.915511543877199,4.0500623259242765,0.3783374296508872,1.5310902029281646,4.531135382919767,88.3,28.03,17.9035881032346,34.0214297799199,35.3,89.81531826,66.874
Bolivia,2017,4.1952063010676,44.6,0.6425000000000001,0.3954,-1.24510812759399,1.7749523509116738,2.8915732605399262,4.055337806899372,0.3891098300075201,1.3409721661491327,4.518348111037087,90.4,32.62,20.0423336122245,36.029022193555,37.0,97.04333351,67.315
Bolivia,2018,4.22362351118875,42.6,0.6461,0.41,-1.21190083026886,1.4586150226995167,2.919155970586134,4.062337157470878,0.3939644423794379,1.1854197169537566,4.510958432233945,89.5,37.21,23.6244484998035,36.7535059221777,34.6,95.72549681,67.699
Bolivia,2019,2.21670577750359,41.6,0.6401,0.38839999999999997,-1.18941926956177,1.0647107369924282,2.951941919651353,4.04999738119624,0.3997181716025524,1.0436438455696868,4.511578925943573,90.0,41.8,25.1241230797607,38.9658038429773,37.5,91.63886556,68.047
Bolivia,2020,-8.73788443399127,43.6,0.6585000000000001,0.3834,-1.21863114833832,1.410986973710262,3.0319983587563617,3.8395224734331963,0.4110551476193468,0.6630704532099965,4.510912575512384,91.5,46.00333333333333,28.4686922410653,40.9310950343345,39.7,89.7292164,68.393
Bolivia,2021,6.11137275205746,40.9,0.641,0.3894,-1.17760181427002,1.0986122886681098,3.012441128199578,4.094701108037758,0.4190827529779103,0.5523803733122071,4.527166578863785,91.8,50.20666666666666,31.7870427757271,43.7497193063732,43.8,95.86980372,68.738
Bolivia,2022,3.60568038279472,40.9,0.6335000000000001,0.38760000000000006,-1.30140423774719,1.0986122886681098,3.00021799954475,4.230562533361681,0.4289366534148465,1.0102650122929064,4.5268558155744305,91.8,54.41,34.1409403767683,51.4488724603817,44.3,98.61224848,69.08
Bolivia,2023,3.08196524087036,40.9,0.6335000000000001,0.95,-1.21933794021606,1.0986122886681098,3.0099489495747727,4.051058405034613,0.4201159541895696,1.2744931499997243,4.53689691614762,92.8,54.41,38.0622714069592,57.4086457572591,47.5,99.24869117,69.425
Brazil,2003,1.14082899824888,57.6,0.6962,0.471,-0.367893666028976,2.6100697927420065,2.9995987138993065,3.372125003259154,0.5245231445008516,2.7546105619205243,4.498390669584703,94.193812,49.46666666666667,16.501989438975933,40.7784936784467,2.04,8.665064415,79.781
Brazil,2004,5.75996463670954,56.5,0.6912,0.47,-0.400920122861862,2.4932054526026954,2.9687507192194045,3.4235540152533788,0.5245231445008516,2.0277777970866633,4.493576184858016,94.76296,49.46666666666666,16.501989438975933,40.8522371713945,2.87,13.18455708,80.496
Brazil,2005,3.20213206130431,56.3,0.7021000000000001,0.467,-0.475531458854675,2.3978952727983707,2.9902171642248123,3.3352995443823517,0.5380549664306107,2.062999256251678,4.516108323067423,94.4,49.46666666666666,16.501989438975933,29.5322605655103,4.53,16.13010807,81.192
Brazil,2006,3.96198871122617,55.6,0.7020000000000001,0.466,-0.402620196342468,2.2300144001592104,2.997676229888433,3.2973801147796156,0.5402867894986327,1.645493647124595,4.525757135916401,96.0,49.46666666666666,16.501989438975933,29.8269102028347,9.15,19.32713015,81.553
Brazil,2007,6.06987060678338,54.9,0.6944,0.463,-0.40977942943573,2.186051276738094,2.99287758354566,3.269287963351722,0.4545534278747102,1.5349886801250054,4.537623260765298,96.7,49.46666666666667,16.501989438975933,31.1409857776162,13.2,25.39202175,81.88
Brazil,2008,5.09419544658736,54.0,0.6965,0.46,-0.288044780492783,2.0149030205422647,2.987669500207508,3.3413613656480585,0.4778425403064865,1.8989074718050951,4.557073714398178,97.0,49.46666666666666,16.501989438975933,29.0040380210043,19.1,35.51552318,82.203
Brazil,2009,-0.125812002161169,53.7,0.6948000000000001,0.456,-0.103854693472385,1.9600947840472698,3.027746234242481,3.1400912682612043,0.5104248547667865,1.7729222915259566,4.578491732644368,96.8,49.46666666666666,18.6990472470723,29.6451419418143,21.0,46.15180215,82.521
Brazil,2010,7.52822581815364,53.3,0.6982,0.447,0.0564144365489483,1.9003222087223783,2.996574810301583,3.1685159099887508,0.549089559723617,1.7981932117631627,4.557249894071969,97.1,49.46666666666666,18.6990472470723,27.6856699444345,28.2,52.91720162,82.834
Brazil,2011,3.97442307944702,52.9,0.7021000000000001,0.446,0.0451417230069637,1.840549633397487,2.9790568551971996,3.2162485837035324,0.5946782833171844,2.0329327860225006,4.557249894071969,97.6,49.46666666666666,18.6990472470723,29.372770255415,30.9,63.4135915,83.143
Brazil,2012,1.92117598576537,53.4,0.6977,0.441,-0.0769327953457832,1.7047480922384253,2.971957032315167,3.2624820464010282,0.6861612724773927,1.8568445816402028,4.557249894071969,98.1,49.46666666666666,18.6061757765577,31.8397841564577,33.8,78.18528647,83.448
Brazil,2013,3.00482266944432,52.7,0.6935,0.445,-0.0920452028512955,1.547562508716013,2.9903417202788733,3.2878777698005464,0.694552098306523,1.9746795505372785,4.653176031545868,98.5,49.46666666666666,18.4485753885318,35.4251666677718,39.2,87.07984742,83.749
Brazil,2014,0.503955740242247,52.0,0.6947,0.441,-0.0529657602310181,1.4586150226995167,3.0033798913464294,3.2459229634101128,0.7463130094489063,1.991844559870086,4.640880210846289,98.9,55.86,18.5172137485956,40.6909379403607,40.7,100.293596,84.044
Brazil,2015,-3.54576339269425,51.9,0.7006,0.436,-0.187332957983017,1.589235205116581,3.0338379400531723,3.3305469205612703,0.7402527629148076,2.305570733945231,4.6241932641007555,98.6,55.86,19.0968695273595,45.7822559936968,45.7,118.2517092,84.335
Brazil,2016,-3.27591690782192,53.4,0.6959000000000001,0.432,-0.201301991939545,1.7404661748405046,3.062423043910454,3.2399984464880274,0.7735401792954775,2.2761531798346315,4.64024299513841,99.3,55.86,19.0993276078209,47.4942898437646,48.6,124.1756934,84.631
Brazil,2017,1.32286905404399,53.3,0.6936,0.422,-0.305428564548492,1.840549633397487,3.0522026169599634,3.2315841064893123,0.7757486016576371,1.4920887864488035,4.644544355571707,99.5,59.946666666666665,18.5912843466076,52.7646576277272,51.0,134.3929329,84.923
Brazil,2018,1.783666761634,53.9,0.6920000000000001,0.401,-0.30234295129776,1.840549633397487,3.0395140970430043,3.397062289807783,0.7727860591897758,1.5400557402724644,4.66350581310074,99.6,64.03333333333333,19.1135004934078,58.0784911048748,54.6,137.9776265,85.209
Brazil,2019,1.22077782360842,53.5,0.6877,0.398,-0.224319815635681,1.8562979903656263,3.0437402883915188,3.3975326034898634,0.7660435321033128,1.5545542249594293,4.653515275773193,99.7,68.12,20.3338932920862,62.5192931966295,58.3,125.6477067,85.492
Brazil,2020,-3.2767587964736,48.9,0.6996,0.411,-0.231919765472412,1.0986122886681098,3.050937673956803,3.5056198138474612,0.7540131091898313,1.437882521063338,4.655159625507695,99.7,68.76,20.4625464135459,64.2305738235588,60.9,117.9869738,85.77
Brazil,2021,4.76260437908608,52.9,0.7027,0.405,-0.301417380571365,1.916922612182061,2.972851921232795,3.654710558693462,0.7629561388735647,2.2301928526073165,4.6789028850117464,99.7,69.4,21.1708614032165,66.028510394056,67.5,106.1217992,86.042
Brazil,2022,3.01669435393015,52.0,0.6987,0.39,-0.257879137992859,1.5040773967762742,2.9653871172999047,3.684270498585717,0.7710225748595412,2.3302105799707262,4.673120277640964,99.8,70.04,20.7998110592124,66.829700644229,70.4,99.64002652,86.309
Brazil,2023,2.90848048667777,52.0,0.6970000000000001,0.96,-0.308802843093872,1.5040773967762742,2.955889668871325,3.5511663759556074,0.7942509268065059,1.7216164406410863,4.673120277640964,99.7,70.04,20.285549584657,62.1940069702965,73.9,95.38505233,86.569
Chile,2003,4.72324526681116,51.5,0.7023,0.41,1.17721080780029,1.840549633397487,2.5785630719383814,4.200106291246654,0.4626269865844051,1.3376761060002273,4.517660027401036,97.241124,49.46666666666667,16.501989438975933,33.7930985283336,4.1,14.89605908,85.477
Chile,2004,6.67425416745972,50.233333333333334,0.7057,0.393,1.16569674015045,1.5932371851543612,2.520129760190973,4.261120352508185,0.4626269865844051,0.7201486934094972,4.521952761408875,96.6955490112305,49.46666666666666,16.501989438975933,33.37901074252945,16.6,22.15717664,85.778
Chile,2005,5.83704571525745,48.96666666666667,0.7084,0.379,1.21021103858948,1.3459247369112355,2.4810350439994604,4.291315707861944,0.4954454951486681,1.3993527810834216,4.532648549777162,97.9,49.46666666666666,16.501989438975933,35.02676478352275,19.1,32.85744801,86.073
Chile,2006,6.04999082904382,47.7,0.7104,0.382,1.18129122257233,1.0986122886681098,2.424547423818184,4.313635836978612,0.5493351251675838,1.4797886516024552,4.532570779965919,97.1,49.46666666666666,16.501989438975933,73.0816959622537,22.1,39.78841312,86.363
Chile,2007,5.16823098722429,47.6,0.7102,0.376,1.19518756866455,1.0634921167821676,2.4463351830877875,4.3564142283593466,0.5947640269560107,1.6878422418951204,4.527757645236272,97.3,49.46666666666667,16.501989438975933,73.0816959622537,25.5,45.83031509,86.606
Chile,2008,3.7893928023371,47.5,0.7101000000000001,0.37,1.21035730838776,1.0283719448962254,2.506743904362739,4.402767868402175,0.627913685133386,2.2738016692996412,4.527662675984969,98.8,49.46666666666666,16.501989438975933,73.0816959622537,28.2,57.81873304,86.665
Chile,2009,-1.1180372326977,47.4,0.7098,0.357,1.19409048557281,0.9932517730102833,2.62962208557249,4.214879821296752,0.6426614163083563,0.30235773988094433,4.509317180047306,97.5,49.46666666666666,14.8137395943422,74.3460982792707,31.2,65.34385645,86.725
Chile,2010,5.85165101730949,47.15,0.7124,0.35,1.22541570663452,0.817552829591339,2.6061043634575647,4.258695614286055,0.6715347215488596,0.8799217577351348,4.521783269630065,97.7,49.46666666666666,14.8137395943422,75.8320621380067,34.5,76.22360399,86.783
Chile,2011,6.22389678693851,46.9,0.7187,0.335,1.26333856582642,0.6418538861723948,2.588605103237324,4.297035617337576,0.7045496733999326,1.4681547103262838,4.521599648760365,99.4,49.46666666666666,14.8137395943422,76.7499857826017,35.9,84.59985967,86.842
Chile,2012,6.15534002096459,46.849999999999994,0.7149,0.327,1.28765678405762,0.5236594971402796,2.589711874631618,4.236366888484334,0.7328438686325014,1.3881547300925372,4.505384582815939,98.0,49.46666666666666,15.267232726176,77.6345654084378,37.3,88.80729074,86.9
Chile,2013,3.30850824469113,46.8,0.7192000000000001,0.308,1.25513780117035,0.4054651081081644,2.6236234242552943,4.191823418348882,0.7381029986466014,1.0258822784281991,4.60668979800459,98.2,49.46666666666666,16.4845715762176,78.113323368979,41.6,97.72343715,86.959
Chile,2014,1.79264947361806,46.05,0.7130000000000001,0.291,1.34870362281799,0.37096867236468867,2.6550941902738563,4.199224384170319,0.7200156364073522,1.7437371839098577,4.613787354998087,99.6,42.18,17.0606369299215,84.0752473162029,45.0,116.7493111,87.017
Chile,2015,2.15194249853634,45.3,0.7124,0.287,1.21972906589508,0.33647223662121295,2.680481500593096,4.100146208059944,0.7085277172594617,1.676867288303678,4.624204642196218,99.5,42.18,17.2602515884572,100.172568090225,52.2,129.9394599,87.074
Chile,2016,1.75303874553305,45.3,0.7081000000000001,0.267,0.96039354801178,0.33647223662121295,2.7306376803791417,4.044065859750465,0.6973050731104218,1.5657354314037033,4.6297470483821455,99.6,42.18,16.8690201206036,102.68707590882,55.1,138.0537951,87.132
Chile,2017,1.35769537797211,45.3,0.7086,0.249,0.981475472450256,0.33647223662121295,2.750388689719267,4.043510091796897,0.6878055770574569,1.1577356959700646,4.6375872557299065,100.0,49.20666666666666,17.286196043738,99.475590658437,58.0,135.1310128,87.189
Chile,2018,3.99002947521676,45.86666666666667,0.7063,0.215,0.940260529518127,0.5019511987258433,2.7635778558830855,4.080533808507657,0.6803997944009896,1.2339848475850186,4.6460534579277235,99.6,56.23333333333333,17.1828712164469,101.863485354335,61.1,133.8868853,87.246
Chile,2019,0.634367533828438,46.43333333333333,0.7031000000000001,0.195,0.924216628074646,0.6674301608304736,2.7883363084146846,4.070935266366528,0.6680483178682899,1.2690706319380833,4.657817372257646,100.0,63.26,17.1038358590725,104.266686520499,76.6,129.861175,87.303
Chile,2020,-6.14347479224092,47.0,0.6975,0.182,0.930162131786346,0.832909122935104,2.8347628411743155,4.080632033144705,0.6421001173446705,1.3976028900071755,4.651019731130394,99.7,66.95666666666666,16.9476736983953,106.039690609015,83.6,128.8584324,87.36
Chile,2021,11.3339570691911,45.0,0.6977,0.119,0.889890670776367,0.5846906797781585,2.7554719653112723,4.1872039724661185,0.6214512473420358,1.7092051235542987,4.679103713169922,100.0,70.65333333333334,16.743951256466,109.059262769559,82.3,125.28541,87.422
Chile,2022,2.05874008095333,43.0,0.6934,0.114,0.688454449176788,0.33647223662121295,2.7520895630226025,4.330572540700569,0.6250504981728484,2.5371722526223883,4.673467218104244,99.7,74.35,16.0551693659537,110.121398407654,84.9,134.6365175,87.49
Chile,2023,0.218780666901552,43.0,0.6927,0.33,0.625093758106232,0.33647223662121295,2.778986288571502,4.126603502129029,0.6251130906684428,2.149629991487403,4.673467218104244,100.0,74.35,15.7123238141173,111.312209230487,85.0,131.5774455,87.564
Colombia,2003,3.91827190322513,53.6,0.7046,0.491,-0.739117562770844,2.6390573296152584,2.8100258246680574,3.6247724003404,0.2694682112484086,2.095534924380243,4.430226890849761,93.8706436157227,28.63000000000001,10.192834737113252,35.3234826301522,1.7,5.096626456,73.098
Colombia,2004,5.33302206759905,55.0,0.7085,0.489,-0.695200145244598,2.5649493574615367,2.8143062027743055,3.6072199195369996,0.2694682112484086,1.932103858682038,4.430226890849761,94.1475296020508,28.63000000000001,10.192834737113252,36.4758451431847,2.21,5.75492345,73.53
Colombia,2005,4.82876110773741,53.9,0.7068,0.488,-0.63308185338974,2.4595888418037104,2.70512406204458,3.648648365572137,0.3017361434323447,1.8002267912139953,4.476900890314475,95.2,28.63,10.192834737113252,35.2185505194702,2.85,8.196373426,73.957
Colombia,2006,6.71686869844402,54.36666666666667,0.7070000000000001,0.494,-0.508387923240662,2.468028111131807,2.700059675043339,3.7047861678865863,0.3438691979303235,1.666465226757745,4.514015688889531,98.5,28.63,10.192834737113252,31.654183439449,4.6,11.36250635,74.379
Colombia,2007,6.73819469090975,54.83333333333333,0.7072,0.495,-0.432980388402939,2.4764673804599036,2.6898882298726012,3.640185334162231,0.3297805368030694,1.878607408413387,4.543431046958082,94.9,28.63,10.192834737113252,20.9474743929536,7.39,15.0671079,74.797
Colombia,2008,3.28344618616541,55.3,0.7074,0.485,-0.381235986948013,2.4849066497880004,2.6492866817711063,3.6930619307625165,0.3734896340611844,2.079052085294681,4.556311316760767,95.1,28.629999999999995,10.192834737113252,21.9066125992657,9.12,24.97241422,75.211
Colombia,2009,1.13964864548062,54.3,0.7048,0.478,-0.367777585983276,2.3608540011180215,2.69490717892823,3.587846464179724,0.4462146190245262,1.6491424723924852,4.59784422218996,95.3,28.63000000000001,7.946374447327776,21.5233089569655,11.0,51.75155503,75.62
Colombia,2010,4.49465897070922,54.6,0.7039000000000001,0.454,-0.271385610103607,2.2300144001592104,2.691937555589006,3.5628797177616693,0.4398645399997968,1.1854021152317251,4.6146686186249815,96.8,28.63,6.555033285028299,21.0762350135313,15.3,69.58309594,76.024
Colombia,2011,6.94789198173555,53.5,0.7049000000000001,0.453,-0.217361465096474,2.0541237336955462,2.663698488554269,3.7005714247222263,0.4672964833728957,1.4850154099643722,4.626988605466902,95.7,28.629999999999995,8.678236872657186,22.1991386566001,21.8,78.37404023,76.423
Colombia,2012,3.91263576716115,52.6,0.6961,0.452,-0.32591912150383,2.0412203288596382,2.672456002316411,3.684749713930174,0.4922225105803875,1.427748608942029,4.587339040862049,96.0,28.63,14.631161889339054,22.7527186089507,25.6,94.40706951,76.816
Colombia,2013,5.13399351995672,52.6,0.6995,0.449,-0.38826909661293,1.9600947840472698,2.7145174736636846,3.66321924900166,0.5158437833569917,1.1042603891109175,4.596144592228673,96.8,28.63,14.1340923673289,27.3293271996088,30.0,95.13853853,77.204
Colombia,2014,4.49903000110972,52.5,0.685,0.422,-0.252291530370712,1.8562979903656263,2.724169616839949,3.65033262052168,0.5391937052471725,1.3606785286326022,4.588667653952408,96.1,30.43,14.1340923673289,30.5665682234071,36.5,99.24479163,77.587
Colombia,2015,2.95590137527523,51.0,0.6837000000000001,0.417,-0.24723581969738,1.7749523509116738,2.7607457320104736,3.6727694855739985,0.5646268967286283,1.7900632245005914,4.591822683500274,96.8,30.43,14.1340923673289,31.3428821283831,40.4,101.9676509,77.964
Colombia,2016,2.08738250162794,50.6,0.6859000000000001,0.414,-0.266068160533905,1.7749523509116738,2.7435000134852072,3.6163800755158038,0.5731986759376043,2.1416484693752946,4.599309309816413,96.7,30.43,14.0683391512135,30.058849809334,49.0,107.1729328,78.335
Colombia,2017,1.35936086788746,49.7,0.6968000000000001,0.417,-0.366633266210556,1.667706820558076,2.76510092272843,3.5913469677321483,0.5851155021944636,1.6704037949697865,4.607361082560352,97.0,33.28666666666667,13.8930338668499,32.3529586377969,51.7,108.7745797,78.701
Colombia,2018,2.56432428277704,50.4,0.6991,0.41,-0.383742153644562,1.7047480922384253,2.7985902863047234,3.625267245067413,0.5923810729871481,1.4446975360093246,4.618810105810158,97.8,36.14333333333333,14.8541664269339,34.9599738877775,52.6,118.5362158,79.061
Colombia,2019,3.18685539245533,51.3,0.7008,0.411,-0.391183972358704,1.840549633397487,2.8197843667437867,3.652177449850485,0.605996920505526,1.5091797636270738,4.634625578662022,97.8,39.0,15.1209763671974,37.7448515262878,55.9,121.6634145,79.415
Colombia,2020,-7.18591413760859,53.5,0.7053,0.421,-0.491402626037598,2.341805806147327,2.899157266494459,3.5569345443029263,0.5997659745431466,1.2603441587558704,4.629857439379654,98.2,41.25333333333333,15.7226398735716,39.4836916913458,58.1,123.2204667,79.764
Colombia,2021,10.8011981904878,55.1,0.7048,0.42,-0.470828503370285,2.1162555148025524,2.8359349936039866,3.7150136221299928,0.5813446759170926,1.5029784762941656,4.644275497890616,98.4,43.50666666666667,15.7121396828327,42.3846056970013,62.3,128.6822441,80.108
Colombia,2022,7.2888838865514,54.8,0.7042,0.395,-0.427760243415833,1.9459101490553132,2.70792890666085,3.893328911924836,0.6044693904368175,2.413878794358669,4.6305823079145725,98.5,45.76,16.3014663939335,46.9053935998568,64.1,130.9211763,80.446
Colombia,2023,0.610409565791542,54.8,0.7042,0.98,-0.458272933959961,1.9459101490553132,2.7570803610506114,3.7255440221575467,0.6028934655947614,2.5444251302413807,4.6305823079145725,98.5,45.76,16.1007142847292,47.0541978052352,65.0,132.0713308,80.778
Ecuador,2003,2.88450036512064,53.5,0.6387,0.486,-0.780572593212128,2.760009940032921,2.4926479967621393,3.977015349152628,0.3180651680717744,2.18934526969564,4.05727541767187,92.726642,28.63000000000001,10.192834737113252,20.61554795373421,0.823,3.087202545,59.291
Ecuador,2004,6.83239736646514,53.9,0.6338,0.478,-0.764899849891663,2.7788192719904172,2.505076667361595,4.044358250623381,0.3180651680717744,1.319949406501252,4.067480443902141,93.071434,28.63000000000001,10.192834737113252,23.243177213343348,1.46,3.819053045,59.796
Ecuador,2005,5.39862243994342,53.0,0.6288,0.477,-0.821377992630005,2.5494451709255714,2.4880234857593755,4.142470232493835,0.3247420295354586,1.1531879107346492,4.108766745835539,93.7,28.63,10.192834737113252,27.167266823384704,2.67,6.688339072,60.299
Ecuador,2006,4.34113198577639,52.2,0.6139,0.452,-1.03100264072418,2.2192034840549946,2.4746545815414906,4.202336945725219,0.2562484794445548,1.458323925121274,4.142390826002441,94.0,28.63,10.192834737113252,23.1903412666768,4.26,11.94176277,60.799
Ecuador,2007,1.90242859700484,53.4,0.6548,0.451,-1.03286147117615,2.2512917986064953,2.499979965835774,4.246358467146267,0.294952831472196,1.186679568558047,4.165846118365277,94.2,28.63,10.192834737113252,19.0719396318142,4.46,18.02968067,61.118
Ecuador,2008,6.56492068224719,49.8,0.6207,0.452,-1.10530638694763,2.1400661634962708,2.565395707672374,4.325327919984902,0.3187061988068381,2.240719895593514,4.315710647227671,95.0,28.629999999999995,10.192834737113252,19.0719396318142,4.83,26.1860424,61.316
Ecuador,2009,1.0910129698311,48.5,0.6124,0.439,-1.20504021644592,2.1162555148025524,2.734247796506389,4.0664138746263845,0.3353877017157194,1.8180716300988151,4.465575176090065,94.8,28.63000000000001,10.5289409803783,19.0719396318142,5.99,45.36184863,61.514
Ecuador,2010,4.02913787986621,48.8,0.6253000000000001,0.431,-1.14322912693024,1.9021075263969205,2.684889104475505,4.201364474022873,0.3523598783934515,1.5160888244807686,4.527839664371011,95.8,28.63,10.5289409803783,18.0551202336506,7.2,60.56829501,61.711
Ecuador,2011,8.48147656332823,45.9,0.5958,0.429,-1.14428532123566,1.7404661748405046,2.643606035652336,4.2631823388499654,0.3603267924991587,1.7001069127822495,4.5715407036004,96.3,28.629999999999995,10.5289409803783,20.5413980220229,10.8,69.74523844,61.907
Ecuador,2012,5.783212336172,46.1,0.605,0.424,-1.06392514705658,1.7047480922384253,2.69103603587987,4.219550779126202,0.3392835381087329,1.8085709952169806,4.600708265820174,96.8,28.63,10.6278743445509,21.9843010481258,18.8,80.60041815,62.104
Ecuador,2013,7.21123653679159,46.9,0.5983,0.408,-0.870363593101501,1.4350845252893227,2.7244547177843383,4.1656305854028695,0.3229892765464019,1.3142009138217665,4.621626143004494,97.2,28.63,11.0677720829962,22.3312165490477,24.6,89.81868124,62.3
Ecuador,2014,4.22606520388456,45.0,0.5944,0.396,-0.970792293548584,1.2809338454620642,2.7561828008448166,4.133987888333683,0.3462927487925193,1.5237101111994364,4.640444078958785,96.5,36.74,11.9190191934624,23.3804598593846,29.0,98.60665932,62.495
Ecuador,2015,0.119692109287612,46.0,0.5895,0.391,-0.956418454647064,1.4816045409242156,2.7956833742144065,3.888304732024692,0.3489828140888948,1.602744810023883,4.622929415142569,97.5,36.74,11.9985167683075,23.9648755618427,31.4,100.6233672,62.69
Ecuador,2016,-0.687954245877947,45.0,0.5878,0.386,-0.649083614349365,1.5260563034950492,2.814792080238847,3.726524209744042,0.3466179597657053,1.0036657415980086,4.610841102877853,96.9,36.74,11.9639740654347,24.8896332211154,35.1,106.2830299,62.851
Ecuador,2017,5.97039880954841,44.7,0.5908,0.389,-0.718140542507172,1.4350845252893227,2.7910138556112987,3.798131163885543,0.3440352409919435,0.3487787630616134,4.5890114335593335,97.2,39.89666666666667,12.307924898399,27.0843336858919,40.3,105.7445117,62.988
Ecuador,2018,1.044295546927,45.4,0.5964,0.391,-0.663264274597168,1.4586150226995167,2.8067945243487227,3.89201105744985,0.3444928939444025,-0.202208531844488,4.574927881474286,98.0,43.053333333333335,12.6833757344841,27.5915486903939,45.6,104.0590503,63.125
Ecuador,2019,0.165403532646692,45.7,0.5946,0.388,-0.542950987815857,1.5260563034950492,2.78402788496636,3.893509685398412,0.3281461717659274,0.23587220950736557,4.561547782994593,99.0,46.21,12.9305291090884,28.44437278344,48.9,79.92016129,63.261
Ecuador,2020,-9.24509637743429,47.3,0.6139,0.373,-0.540949642658234,2.0149030205422647,2.8520112526516144,3.806424960225351,0.3295763816520299,-0.2918277616165956,4.561107606320563,98.8,47.89,11.9670388887905,28.5522332055412,54.1,84.44422411,63.398
Ecuador,2021,9.818417748417,45.8,0.6061000000000001,0.366,-0.354992210865021,1.5260563034950492,2.7310616263647756,3.9917801097553305,0.3490824584809039,0.12509083395423418,4.566718122660329,98.7,49.57,11.5811124942872,29.208430980274,55.8,87.74901563,63.534
Ecuador,2022,6.18613907258741,45.5,0.5974,0.364,-0.620780825614929,1.4350845252893227,2.66738564902082,4.137111262881991,0.3698028948380439,1.4965311558599417,4.561883086397908,99.2,51.25,11.5164613637073,29.9362613682185,57.5,92.69594524,63.67
Ecuador,2023,2.35521790742197,44.6,0.5974,0.88,-0.957790791988373,1.5686159179138452,2.702695275677322,4.074953674068758,0.3889576305677275,1.168041220471121,4.547713382405146,98.7,51.25,10.9607683634781,31.5046558000332,59.2,91.40531396,63.821
Paraguay,2003,4.32074548551591,54.9,0.6791,0.528,-1.05233979225159,2.2300144001592104,2.1901299473134936,4.408271258979499,0.1624633737848846,2.7237133608417943,4.231030893165297,87.7623672485352,28.63000000000001,10.192834737113252,25.7856591710819,0.382,8.667097358,54.054
Paraguay,2004,4.05741836363771,52.3,0.6744,0.515,-0.981866180896759,1.9021075263969205,2.1502778468300505,4.395737788416771,0.1624633737848846,1.6720868236969617,4.250626257524407,88.518177,28.63000000000001,10.192834737113252,32.7741011877268,0.748,16.0194964,54.693
Paraguay,2005,2.13349066459601,51.4,0.6736000000000001,0.516,-0.963428318500519,1.9600947840472698,2.2103518331601975,4.454602654972807,0.1108984976961318,2.0550697003797107,4.249789439440518,89.6,28.63,10.192834737113252,24.5219309952657,1.1,22.06640992,55.331
Paraguay,2006,4.80711719268376,53.0,0.6688000000000001,0.513,-0.971096038818359,2.186051276738094,2.2304965102114935,4.451244012846801,0.0855304891281924,2.3598487234761345,4.245331127220825,91.0,28.63,10.192834737113252,25.0551605442253,1.79,31.53341939,55.966
Paraguay,2007,5.42162287218235,53.0,0.6826,0.499,-0.964514315128326,2.174751721484161,2.1600329974597043,4.38204085232652,0.0942406554054502,2.211617629401262,4.248543524052011,91.7,28.63,10.192834737113252,23.7603984264133,2.11,33.0704465,56.6
Paraguay,2008,6.4962921197091,50.7,0.6783,0.489,-0.910835206508636,1.667706820558076,2.13180477335689,4.404003057578991,0.1240699110734111,2.411868522355456,4.268442774600653,92.6,28.629999999999995,10.192834737113252,24.1686675413357,3.45,32.29215977,56.977
Paraguay,2009,-0.261137328080281,49.1,0.6614,0.484,-0.857977032661438,1.916922612182061,2.31620013922157,4.274469010785518,0.152788931906016,1.2786943213505122,4.281724098149933,93.2,28.63000000000001,4.43384729013171,20.8556279671977,7.91,34.45393525,57.305
Paraguay,2010,11.0952312685521,51.0,0.6605000000000001,0.483,-0.830411493778229,1.8718021769015913,2.308703861772884,4.409854855063276,0.1902080130660822,1.7318613276469816,4.30463218816881,94.7,28.63,4.43384729013171,12.6861707511378,7.96,58.41069259,57.633
Paraguay,2011,4.28637120702282,52.3,0.6528,0.479,-0.800011336803436,1.791759469228055,2.403391412675266,4.37565794566984,0.2093983551558424,2.2250524599589645,4.338954857235106,96.7,28.629999999999995,4.43384729013171,12.2968111859529,11.2,83.97567218,57.96
Paraguay,2012,-0.708043112316886,47.6,0.6439,0.463,-0.810820519924164,1.4586150226995167,2.5436038033172226,4.3276358830632455,0.2370445848942366,1.542425716630147,4.425243464363988,96.5,28.63,4.28324468920491,12.2808884618236,14.3,102.5794009,58.286
Paraguay,2013,8.29307648940471,47.9,0.6522,0.443,-0.767023622989655,1.0296194171811581,2.5095789694632527,4.3090509053081405,0.254296282990503,1.303960406239254,4.335738516014188,96.7,28.63,4.36400745685787,11.6682860592129,18.9,98.52812081,58.612
Paraguay,2014,5.30123859237025,50.7,0.6418,0.449,-0.604350566864014,1.2237754316221157,2.529628690125655,4.249690598228328,0.2858718941557534,1.7965525763433683,4.364884069007241,96.9,21.72,4.66264399341744,13.7176649664944,19.8,102.6392137,58.937
Paraguay,2015,2.95715173487106,47.6,0.6428,0.452,-0.644359648227692,1.0647107369924282,2.5496931908394256,4.218257888097036,0.2927126009676309,1.4180359116504626,4.394029622000294,97.4,21.72,6.21488990766449,18.759698013852,24.8,111.7235159,59.261
Paraguay,2016,4.26802583314583,47.9,0.6444000000000001,0.44,-0.689654231071472,0.9932517730102833,2.514707386471023,4.230612221654773,0.2978210074711604,1.6266534324783823,4.423175174993347,98.2,21.72,7.70606126582612,21.5814306496874,29.3,114.6941362,59.584
Paraguay,2017,4.81007885554041,48.5,0.6423,0.441,-0.667961835861206,0.6931471805599453,2.4938398611307124,4.27777847794648,0.3534938387096207,1.52659472666915,4.396096338501516,97.8,26.20833333333333,9.2829118658627,25.4241390581724,36.9,117.4443175,59.907
Paraguay,2018,3.20425034076639,46.0,0.646,0.44,-0.602268278598785,0.8754687373538999,2.5273460792988245,4.291407260673668,0.4032294740260003,1.6045480077952219,4.369017502009684,99.0,30.696666666666665,10.2999799567958,28.9522503181962,43.0,119.9410874,60.197
Paraguay,2019,-0.40185510068001,45.7,0.6399,0.436,-0.567496180534363,0.6931471805599453,2.5608076158087676,4.279746948027251,0.4292410971649635,1.323646658092617,4.341938665517853,99.0,30.696666666666665,10.8476040416489,31.5463020861537,49.7,119.974846,60.474
Paraguay,2020,-0.819785390971916,43.5,0.6583,0.435,-0.427826523780823,0.5877866649021191,2.613334519354097,4.1551294453114,0.4059733752464177,1.017950139357175,4.451874713385258,99.3,30.696666666666665,11.1779552295009,34.3778942787921,53.4,119.5138493,60.75
Paraguay,2021,4.01673731780312,42.9,0.6408,0.432,-0.575897037982941,0.5306282510621704,2.5659973994175784,4.259043315309962,0.4245323178939757,1.7557838891443809,4.446033877718643,98.4,48.65,9.85894346335419,38.1381490369685,61.1,117.5106256,61.026
Paraguay,2022,0.176038366132886,45.1,0.6333000000000001,0.431,-0.591498374938965,0.832909122935104,2.554053828594254,4.313987393451166,0.4499862479904903,2.3763527696207567,4.418970574818798,99.3,48.65,10.9713257065149,43.3496464702998,65.0,115.4634996,61.3
Paraguay,2023,4.71412407945468,45.1,0.6333000000000001,1.04,-0.582174599170685,0.832909122935104,2.5663598810937507,4.430683169370146,0.5360185334775311,1.7284686767369897,4.388426722683355,99.6,48.65,10.9486490075701,41.3557191308076,68.5,118.8639678,61.585
Uruguay,2003,0.805283915893824,45.0,0.7954,0.357,0.656516373157501,0.5877866649021191,2.5641096657418068,3.965738156821358,0.3553274624657996,3.0145407879816877,4.707755583813998,97.2328033447266,49.46666666666667,16.501989438975933,26.8077033782205,9.97,9.732680729,91.45
Uruguay,2004,5.00416035564457,45.9,0.7894,0.352,0.456370502710342,0.6931471805599453,2.4853247768459803,4.134793496540438,0.3553274624657996,2.3182226934395764,4.693719908282233,97.3951110839844,49.46666666666666,16.501989438975933,25.9057843136644,10.5,12.47749242,91.743
Uruguay,2005,7.4601321302473,44.7,0.7791,0.351,0.45884957909584,0.6418538861723948,2.479513633894138,4.092304087294638,0.3616414288047451,1.7403393931823654,4.641993351110161,97.6,49.46666666666666,16.501989438975933,40.5212690015352,11.1,15.75282064,92.028
Uruguay,2006,4.09857735445401,45.9,0.7826000000000001,0.349,0.551547348499298,0.4700036292457356,2.508400484367584,4.142683426421616,0.4353471286011112,2.001162347581614,4.637814350600746,97.7,49.46666666666666,16.501989438975933,43.5957665000782,11.4,15.53114058,92.303
Uruguay,2007,6.54151084504817,46.4,0.7881,0.337,0.600704789161682,0.33647223662121295,2.524142040923968,4.097845889372786,0.469296577659932,2.2098825277031664,4.54239077751148,97.8,49.46666666666667,16.501989438975933,45.0942269291081,15.9,15.03020057,92.569
Uruguay,2008,7.17614466455107,45.1,0.7875000000000001,0.333,0.613664507865906,0.18232155679395465,2.58120773935882,4.192802736542499,0.5147593345725475,2.1834719697354497,4.489168142844588,97.9,49.46666666666666,16.501989438975933,53.8538856752747,17.1,18.09909527,92.828
Uruguay,2009,4.24349419462426,45.5,0.7762,0.324,0.755774736404419,0.262364264467491,2.6350345395483723,3.9962615616210666,0.4704046826134418,2.087188797034125,4.50305857799027,98.0,49.46666666666666,12.8231919299379,70.5117382668268,20.1,34.81132061,93.078
Uruguay,2010,7.8034096507169,44.5,0.7714000000000001,0.318,0.786790609359741,0.18232155679395465,2.6134388133517032,3.9645971859539713,0.5122546248925901,2.041052635550722,4.601807528700243,98.0,49.46666666666666,12.8231919299379,43.186543114802,29.4,70.13284845,93.319
Uruguay,2011,5.16213302463606,42.2,0.7697,0.325,0.731594443321228,0.09531017980432487,2.621799163788825,3.993548318315862,0.52957990917955,2.2074864177543425,4.630449754715874,98.5,49.46666666666666,12.8231919299379,24.1933895956931,34.0,90.25647327,93.553
Uruguay,2012,3.53817872056869,39.9,0.7489,0.324,0.614688694477081,0.18232155679395465,2.658428105389316,4.026443133526439,0.560215676980635,2.2080288675256687,4.644171896867164,98.7,49.46666666666666,12.7748666327581,22.4749430738691,39.3,105.1463884,93.779
Uruguay,2013,4.63753862902416,40.5,0.7606,0.326,0.576609134674072,0.18232155679395465,2.6756943357362317,3.926277850131014,0.5744766263687352,2.2591696383671502,4.660269172040765,98.8,49.46666666666666,13.3522935902315,23.7519352815852,41.8,122.9476137,93.998
Uruguay,2014,3.23879122952364,40.1,0.7631,0.326,0.761607766151428,0.18232155679395465,2.6876020900195883,3.9137739528889166,0.6053697803134019,2.2902445945268317,4.67720585794768,99.1,23.54,13.4817076673402,23.0299725881958,46.4,132.3477451,94.209
Uruguay,2015,0.370741257681345,40.1,0.772,0.29,0.736542940139771,0.09531017980432487,2.6970438526816527,3.835751727819525,0.6006614537316453,2.2686424926269075,4.691745021835513,99.3,23.54,13.6026502626477,27.1685339479512,51.4,141.5210804,94.414
Uruguay,2016,1.6897981652001,39.7,0.7599,0.284,0.619055449962616,0.09531017980432487,2.6970438526816527,3.9013765307230783,0.6350165393548122,2.3645653579909722,4.7276760737526695,99.2,23.54,13.445518411667,19.8647260994371,54.5,148.1833852,94.612
Uruguay,2017,1.74037648675632,39.5,0.7625000000000001,0.26,0.557142913341522,0.09531017980432487,2.6970438526816527,3.8581574417346345,0.6744042340799157,1.9765909049749322,4.766207217388395,99.6,30.89,13.6302186939793,21.4040361151246,57.7,155.8020277,94.739
Uruguay,2018,0.164777659980814,39.7,0.7635000000000001,0.254,0.570747196674347,0.09531017980432487,2.6970438526816527,3.887553269911846,0.7234137425991467,2.1525216361859236,4.777180920374724,99.6,38.24,13.5821356763789,21.9739905078767,61.5,162.0767046,94.843
Uruguay,2019,0.928351033363754,39.7,0.7619,0.256,0.603468060493469,0.09531017980432487,2.6970438526816527,3.9268105282320374,0.7276758249972723,2.1840254856234584,4.794537973276713,99.7,45.59,12.7769653683576,22.1705291861539,64.6,151.7998906,94.945
Uruguay,2020,-7.38014184479323,40.2,0.7648,0.235,0.647405028343201,0.18232155679395465,2.6970438526816527,3.864640953258478,0.7314902546151751,2.3755015176094814,4.770615375614264,99.7,51.68333333333334,12.6250444703059,24.3768815230441,66.4,149.8853759,95.045
Uruguay,2021,5.56189279343275,40.8,0.7744000000000001,0.221,0.698062181472778,0.09531017980432487,2.6970438526816527,4.057399385300673,0.7291187315071705,2.1688152745937987,4.797743087255812,99.7,57.77666666666666,12.2530972794752,25.1667931664776,70.3,148.9559056,95.144
Uruguay,2022,4.70725761465232,40.6,0.7689,0.218,0.767947494983673,0.18232155679395465,2.6970438526816527,4.091567672073828,0.7376500515966931,2.31296897645904,4.805150994818239,99.8,63.87,12.0369321400249,27.8140085275854,80.7,130.1172556,95.24
Uruguay,2023,0.3674751756175,40.6,0.7686000000000001,0.56,0.717662572860718,0.18232155679395465,2.6970438526816527,3.965250702718602,0.7384839410396854,1.9270336172203824,4.805150994818239,99.8,63.87,11.4920754725375,25.6815818820962,83.4,132.0241348,95.334
