countryname,year,estimate,stddev,nsource,pctrank,pctranklower,pctrankupper
Argentina,1996,0.0755526423454285,0.190395042300224,9,54.2713584899902,43.2160797119141,62.3115577697754
Belize,1996,0.084681548178196,0.348834574222565,3,54.773868560791,36.1809043884277,68.3417053222656
Bolivia,1996,-0.261528313159943,0.207433357834816,7,42.7135696411133,32.1608047485352,54.2713584899902
Brazil,1996,-0.223502203822136,0.190395042300224,9,44.2211036682129,33.668342590332,55.2763824462891
Chile,1996,1.11373817920685,0.190395042300224,9,85.4271392822266,71.3567810058594,89.9497451782227
Colombia,1996,-0.75183779001236,0.190395042300224,9,25.6281414031982,16.582914352417,38.1909561157227
Costa Rica,1996,0.618176877498627,0.199607864022255,8,68.3417053222656,60.8040199279785,79.8994979858398
Cuba,1996,-1.13681089878082,0.212429106235504,6,16.0804023742676,6.03015089035034,24.6231155395508
Dominican Republic,1996,-0.522590637207031,0.212429106235504,6,34.6733665466309,21.608039855957,46.2311553955078
Ecuador,1996,-0.44970777630806,0.207433357834816,7,38.1909561157227,24.6231155395508,47.7386932373047
El Salvador,1996,-0.870225965976715,0.199607864022255,8,22.1105518341064,13.0653266906738,33.668342590332
Guatemala,1996,-1.12648820877075,0.199607864022255,8,16.582914352417,6.03015089035034,23.6180896759033
Guyana,1996,-0.203850328922272,0.299597144126892,5,44.7236175537109,28.1407032012939,60.8040199279785
Haiti,1996,-1.3873907327652,0.299597144126892,5,8.04020118713379,0.502512574195862,21.1055278778076
Honduras,1996,-0.9293492436409,0.199607864022255,8,21.1055278778076,10.5527639389038,32.1608047485352
Mexico,1996,-0.726646363735199,0.190395042300224,9,27.1356792449951,17.5879402160645,38.1909561157227
Nicaragua,1996,-0.515926837921143,0.199607864022255,8,35.1758804321289,22.1105518341064,45.226131439209
Panama,1996,-0.16697995364666,0.207433357834816,7,46.7336692810059,35.1758804321289,57.7889442443848
Paraguay,1996,-0.663562595844269,0.207433357834816,7,29.1457290649414,18.0904521942139,40.2010040283203
Peru,1996,-0.696724593639374,0.199607864022255,8,28.1407032012939,17.5879402160645,39.1959800720215
Puerto Rico,1996,0.960634410381317,0.425513386726379,1,81.4070358276367,59.7989959716797,94.9748764038086
Suriname,1996,-0.0809926018118858,0.299597144126892,5,48.2412071228027,32.6633148193359,62.3115577697754
Uruguay,1996,0.561770856380463,0.207433357834816,7,65.8291473388672,59.2964820861816,78.8944702148437
Argentina,1998,-0.0388815775513649,0.192366451025009,9,50.5,41.5,60
Belize,1998,-0.106160081923008,0.320545703172684,3,48.5,32.5,63
Bolivia,1998,-0.227260559797287,0.214145958423615,7,44,33,55
Brazil,1998,-0.202992081642151,0.192366451025009,9,45,35,55
Chile,1998,1.09760177135468,0.192366451025009,9,84.5,72,91
Colombia,1998,-0.662920475006104,0.192366451025009,9,31,18.May,41.5
Costa Rica,1998,0.633012652397156,0.214145958423615,7,69,60,82.5
Cuba,1998,-1.04586327075958,0.221403405070305,6,16.May,7,30
Dominican Republic,1998,-0.576960265636444,0.221403405070305,6,33.5,18.May,44.5
Ecuador,1998,-0.539550304412842,0.214145958423615,7,34,22,45
El Salvador,1998,-0.690760374069214,0.214145958423615,7,29,16.May,41.5
Guatemala,1998,-1.04127037525177,0.214145958423615,7,17,7,29
Guyana,1998,-0.367153853178024,0.284045487642288,5,41.5,24,55
Haiti,1998,-1.42518937587738,0.284045487642288,5,06.May,0.5,18.May
Honduras,1998,-0.885578393936157,0.214145958423615,7,22.May,10.May,34.5
Mexico,1998,-0.532132267951965,0.192366451025009,9,35,23.May,44.5
Nicaragua,1998,-0.605091035366058,0.214145958423615,7,33,18.May,42.5
Panama,1998,-0.130363434553146,0.214145958423615,7,47,35.5,58.5
Paraguay,1998,-0.834110796451569,0.214145958423615,7,24,12.May,35.5
Peru,1998,-0.738637685775757,0.200127080082893,8,28,16,38.5
Puerto Rico,1998,0.957083582878113,0.394628912210464,1,81.5,61,93
Suriname,1998,-0.0041345036588609,0.284045487642288,5,51,36,64
Uruguay,1998,0.617432355880737,0.214145958423615,7,67.5,60,82
Argentina,2000,-0.214404493570328,0.160872712731361,9,43.2835807800293,36.8159217834473,51.7412948608398
Belize,2000,0.0983268246054649,0.275541752576828,3,54.2288551330566,39.8009948730469,65.1741256713867
Bolivia,2000,-0.368222206830978,0.167917758226395,8,39.8009948730469,32.3383102416992,48.756217956543
Brazil,2000,-0.244871854782104,0.160435691475868,10,42.2885589599609,35.3233833312988,51.7412948608398
Chile,2000,1.26092338562012,0.160872712731361,9,86.5671615600586,83.0845794677734,92.0398025512695
Colombia,2000,-0.925037920475006,0.160435691475868,10,22.8855724334717,12.4378108978271,31.8407955169678
Costa Rica,2000,0.537079811096191,0.167420968413353,9,64.6766204833984,59.2039794921875,71.6417922973633
Cuba,2000,-1.04984867572784,0.183204844594002,6,18.4079608917236,7.96019887924194,28.8557205200195
Dominican Republic,2000,-0.676537394523621,0.182560175657272,7,31.343282699585,21.8905467987061,39.3034820556641
Ecuador,2000,-0.666360259056091,0.167917758226395,8,31.8407955169678,21.8905467987061,38.8059692382812
El Salvador,2000,-0.803453266620636,0.167420968413353,9,26.8656711578369,16.9154224395752,33.8308448791504
Guatemala,2000,-0.885791599750519,0.167420968413353,9,24.3781089782715,13.4328355789185,32.3383102416992
Guyana,2000,-0.423614680767059,0.254057615995407,5,38.3084564208984,26.3681583404541,51.243782043457
Haiti,2000,-1.45503640174866,0.252346783876419,6,3.98009943962097,0.497512429952621,18.4079608917236
Honduras,2000,-0.998041212558746,0.167420968413353,9,19.9004974365234,10.4477615356445,29.3532333374023
Mexico,2000,-0.42650955915451,0.160435691475868,10,37.8109436035156,30.8457717895508,47.2636833190918
Nicaragua,2000,-0.862790763378143,0.167917758226395,8,26.3681583404541,14.4278602600098,33.3333320617676
Panama,2000,-0.187658607959747,0.167917758226395,8,44.7761192321777,37.3134346008301,52.7363166809082
Paraguay,2000,-0.989421188831329,0.167917758226395,8,21.3930339813232,10.4477615356445,30.348258972168
Peru,2000,-0.718046724796295,0.167917758226395,8,29.8507461547852,20.3980102539062,37.3134346008301
Puerto Rico,2000,0.970597624778748,0.328637719154358,1,82.5870666503906,63.1840782165527,92.0398025512695
Suriname,2000,-0.0384254194796085,0.254057615995407,5,50.2487564086914,37.3134346008301,62.6865653991699
Uruguay,2000,0.556891262531281,0.167917758226395,8,66.1691513061523,60.1990051269531,72.6368179321289
Argentina,2002,-0.761098086833954,0.174584195017815,10,27.3631839752197,16.9154224395752,38.3084564208984
Belize,2002,-0.0455109514296055,0.287872940301895,4,52.2388076782227,36.8159217834473,63.1840782165527
Bolivia,2002,-0.378112554550171,0.183887630701065,10,40.2985076904297,31.343282699585,49.7512435913086
Brazil,2002,-0.266611307859421,0.173195272684097,11,43.7810935974121,36.3184089660645,54.2288551330566
Chile,2002,1.25724005699158,0.174584195017815,10,87.0646743774414,81.592041015625,92.5373153686523
Colombia,2002,-0.749073088169098,0.173195272684097,11,28.3582096099854,16.9154224395752,38.3084564208984
Costa Rica,2002,0.554997205734253,0.183887630701065,10,66.1691513061523,58.2089538574219,77.6119384765625
Cuba,2002,-1.17397427558899,0.197347983717918,8,11.9402980804443,3.98009943962097,23.3830852508545
Dominican Republic,2002,-0.705224692821503,0.186060398817062,9,30.8457717895508,16.9154224395752,38.8059692382812
Ecuador,2002,-0.756515443325043,0.185552552342415,9,27.8606967926025,16.9154224395752,38.3084564208984
El Salvador,2002,-0.566521048545837,0.183887630701065,10,35.3233833312988,22.8855724334717,44.2786064147949
Guatemala,2002,-0.990891993045807,0.183887630701065,10,17.9104480743408,8.4577112197876,31.343282699585
Guyana,2002,-0.517882883548737,0.271534740924835,5,36.8159217834473,18.9054718017578,49.7512435913086
Haiti,2002,-1.7139093875885,0.225846767425537,8,1.49253726005554,0,6.96517419815063
Honduras,2002,-0.879591941833496,0.183887630701065,10,22.3880596160889,11.4427862167358,34.3283576965332
Mexico,2002,-0.349208414554596,0.173195272684097,11,40.7960205078125,33.8308448791504,50.2487564086914
Nicaragua,2002,-0.677636325359344,0.183887630701065,10,32.3383102416992,17.9104480743408,40.2985076904297
Panama,2002,-0.0883368402719498,0.193381980061531,8,49.2537307739258,38.8059692382812,57.7114410400391
Paraguay,2002,-1.12330663204193,0.185552552342415,9,13.9303483963013,5.47263669967651,25.3731346130371
Peru,2002,-0.557922065258026,0.185552552342415,9,36.3184089660645,22.8855724334717,45.2736320495605
Puerto Rico,2002,0.948852479457855,0.381930857896805,1,81.592041015625,60.6965179443359,92.5373153686523
Suriname,2002,-0.127914935350418,0.266395717859268,6,48.756217956543,35.3233833312988,60.1990051269531
Uruguay,2002,0.674292743206024,0.185552552342415,9,68.1592025756836,61.6915435791016,81.592041015625
Argentina,2003,-0.777115821838379,0.172536686062813,11,26.3681583404541,16.4179096221924,38.8059692382812
Belize,2003,0.190566956996918,0.272618442773819,4,58.2089538574219,44.2786064147949,68.1592025756836
Bolivia,2003,-0.46946907043457,0.185575753450394,10,39.8009948730469,26.3681583404541,48.2587051391602
Brazil,2003,-0.367893666028976,0.172536686062813,11,42.7860679626465,29.3532333374023,49.7512435913086
Chile,2003,1.17721080780029,0.172536686062813,11,85.0746231079102,79.6019897460937,90.0497512817383
Colombia,2003,-0.739117562770844,0.172536686062813,11,27.8606967926025,16.9154224395752,39.8009948730469
Costa Rica,2003,0.526866555213928,0.185575753450394,10,65.6716384887695,58.7064666748047,73.1343307495117
Cuba,2003,-1.22319900989532,0.200474232435226,8,11.4427862167358,3.48258709907532,21.8905467987061
Dominican Republic,2003,-0.640382707118988,0.189340472221375,9,29.8507461547852,18.4079608917236,43.2835807800293
Ecuador,2003,-0.780572593212128,0.185575753450394,10,25.8706474304199,15.4228858947754,39.3034820556641
El Salvador,2003,-0.516855239868164,0.185575753450394,10,37.8109436035156,24.8756217956543,45.2736320495605
Guatemala,2003,-1.1009407043457,0.185059979557991,11,14.9253730773926,6.46766185760498,25.3731346130371
Guyana,2003,-0.575900852680206,0.254073470830917,6,34.3283576965332,16.9154224395752,48.2587051391602
Haiti,2003,-1.73716354370117,0.225466921925545,8,0.995024859905243,0,6.96517419815063
Honduras,2003,-0.936451733112335,0.185575753450394,10,19.4029846191406,9.95024871826172,30.348258972168
Mexico,2003,-0.377902716398239,0.172536686062813,11,42.2885589599609,29.3532333374023,49.7512435913086
Nicaragua,2003,-0.560249149799347,0.185059979557991,11,34.825870513916,22.8855724334717,44.2786064147949
Panama,2003,-0.140504896640778,0.185575753450394,10,48.756217956543,39.8009948730469,57.7114410400391
Paraguay,2003,-1.05233979225159,0.185575753450394,10,16.9154224395752,7.46268653869629,27.3631839752197
Peru,2003,-0.588656902313232,0.185575753450394,10,33.8308448791504,21.8905467987061,44.2786064147949
Puerto Rico,2003,0.703260600566864,0.355438649654388,1,70.1492538452148,56.2189064025879,88.5572128295898
Suriname,2003,-0.0528743378818035,0.254073470830917,6,50.2487564086914,39.3034820556641,62.6865653991699
Uruguay,2003,0.656516373157501,0.187468230724335,9,68.6567153930664,62.6865653991699,82.0895538330078
Argentina,2004,-0.767380177974701,0.165950462222099,12,25.480770111084,16.3461532592773,36.538459777832
Belize,2004,-0.0529214031994343,0.266626268625259,5,50.480770111084,37.5,61.0576934814453
Bolivia,2004,-0.626744568347931,0.170455798506737,13,33.1730766296387,19.230770111084,42.788459777832
Brazil,2004,-0.400920122861862,0.165950462222099,12,41.3461532592773,31.730770111084,48.0769233703613
Chile,2004,1.16569674015045,0.165950462222099,12,86.538459777832,76.9230804443359,91.8269195556641
Colombia,2004,-0.695200145244598,0.161291882395744,14,29.8076915740967,17.7884616851807,39.9038467407227
Costa Rica,2004,0.50290322303772,0.17177851498127,12,64.4230804443359,58.1730766296387,70.6730804443359
Cuba,2004,-1.10711979866028,0.189814954996109,9,15.384614944458,6.73076915740967,22.115385055542
Dominican Republic,2004,-0.680870890617371,0.17177851498127,12,30.769229888916,17.7884616851807,41.3461532592773
Ecuador,2004,-0.764899849891663,0.170455798506737,13,25.9615383148193,16.3461532592773,37.5
El Salvador,2004,-0.490908056497574,0.17177851498127,12,37.019229888916,25,45.1923065185547
Guatemala,2004,-1.06209850311279,0.170455798506737,13,16.3461532592773,6.73076915740967,24.0384616851807
Guyana,2004,-0.619943141937256,0.24734890460968,7,33.6538467407227,16.3461532592773,45.1923065185547
Haiti,2004,-1.72932910919189,0.232687413692474,9,1.44230771064758,0,6.73076915740967
Honduras,2004,-0.850290715694427,0.170455798506737,13,21.634614944458,13.942307472229,35.5769233703613
Mexico,2004,-0.409910470247269,0.162411153316498,13,40.8653831481934,31.25,47.5961532592773
Nicaragua,2004,-0.788531184196472,0.170455798506737,13,24.0384616851807,15.865385055542,36.538459777832
Panama,2004,-0.107689194381237,0.17177851498127,12,50,42.3076934814453,57.211540222168
Paraguay,2004,-0.981866180896759,0.174561247229576,12,17.7884616851807,8.65384578704834,29.3269233703613
Peru,2004,-0.545422077178955,0.174561247229576,12,36.0576934814453,21.634614944458,44.230770111084
Puerto Rico,2004,0.78897613286972,0.347725838422775,1,71.1538467407227,58.1730766296387,89.4230804443359
Suriname,2004,-0.17975702881813,0.24734890460968,7,47.5961532592773,35.5769233703613,58.6538467407227
Uruguay,2004,0.456370502710342,0.175982668995857,11,62.5,57.211540222168,69.711540222168
Argentina,2005,-0.557991087436676,0.162952050566673,12,34.4497604370117,23.4449768066406,44.0191383361816
Belize,2005,-0.0485887080430984,0.273964375257492,5,51.1961708068848,38.2775115966797,60.7655487060547
Bolivia,2005,-0.765424847602844,0.157308533787727,14,28.2296657562256,16.2679424285889,37.3205757141113
Brazil,2005,-0.475531458854675,0.162952050566673,12,38.7559814453125,28.7081336975098,45.9330139160156
Chile,2005,1.21021103858948,0.162952050566673,12,87.0813369750977,80.8612442016602,90.9090881347656
Colombia,2005,-0.63308185338974,0.155807688832283,14,33.0143547058105,21.5311012268066,41.1483268737793
Costa Rica,2005,0.497263669967651,0.168051794171333,12,63.6363639831543,57.4162673950195,70.8134002685547
Cuba,2005,-1.08653473854065,0.186534970998764,9,14.8325357437134,7.17703342437744,26.7942581176758
Dominican Republic,2005,-0.685749292373657,0.168051794171333,12,31.1004791259766,19.1387557983398,39.7129173278809
Ecuador,2005,-0.821377992630005,0.165398478507996,13,24.8803825378418,14.3540668487549,34.4497604370117
El Salvador,2005,-0.505208492279053,0.168051794171333,12,37.7990417480469,26.7942581176758,45.4545440673828
Guatemala,2005,-1.04830694198608,0.165398478507996,13,15.7894735336304,8.13397121429443,26.7942581176758
Guyana,2005,-0.663847804069519,0.202717363834381,10,31.5789470672607,16.7464122772217,43.0622024536133
Haiti,2005,-1.66308867931366,0.214245647192001,9,1.91387557983398,0,8.13397121429443
Honduras,2005,-0.771100759506226,0.157308533787727,14,27.7511959075928,16.2679424285889,36.8421058654785
Mexico,2005,-0.382989525794983,0.158019661903381,13,41.1483268737793,32.0574150085449,48.8038291931152
Nicaragua,2005,-0.614661514759064,0.157308533787727,14,33.4928245544434,22.4880390167236,41.1483268737793
Panama,2005,-0.101316899061203,0.168051794171333,12,50.2392349243164,41.1483268737793,57.4162673950195
Paraguay,2005,-0.963428318500519,0.17108029127121,12,19.1387557983398,9.56937789916992,31.1004791259766
Peru,2005,-0.700787901878357,0.17108029127121,12,30.1435413360596,16.7464122772217,39.2344512939453
Puerto Rico,2005,0.585461497306824,0.365848004817963,1,68.4210510253906,52.1531105041504,86.6028671264648
Suriname,2005,-0.135859340429306,0.252688974142075,7,48.3253593444824,34.4497604370117,57.8947372436523
Uruguay,2005,0.45884957909584,0.174021527171135,11,62.2009582519531,57.4162673950195,70.3349304199219
Argentina,2006,-0.57701563835144,0.152060285210609,15,34.4497604370117,24.4019145965576,44.4976081848145
Belize,2006,0.0238666515797377,0.209723770618439,6,54.0669860839844,44.9760780334473,60.7655487060547
Bolivia,2006,-0.85372930765152,0.149867981672287,16,23.9234447479248,12.4401912689209,31.5789470672607
Brazil,2006,-0.402620196342468,0.148689746856689,16,43.0622024536133,30.6220092773437,49.7607650756836
Chile,2006,1.18129122257233,0.151472508907318,15,88.0382766723633,78.4689025878906,89.9521560668945
Colombia,2006,-0.508387923240662,0.149199739098549,16,39.2344512939453,26.7942581176758,46.8899536132812
Costa Rica,2006,0.38971409201622,0.169404596090317,13,62.6794242858887,55.0239219665527,68.8995208740234
Cuba,2006,-0.763818800449371,0.176722332835197,11,26.3157901763916,14.3540668487549,39.7129173278809
Dominican Republic,2006,-0.584695756435394,0.158478498458862,14,33.9712905883789,23.9234447479248,44.9760780334473
Ecuador,2006,-1.03100264072418,0.166243076324463,14,15.3110046386719,8.61244010925293,26.3157901763916
El Salvador,2006,-0.691741585731506,0.169404596090317,13,29.6650714874268,19.1387557983398,42.1052627563477
Guatemala,2006,-1.09776103496552,0.152853116393089,16,12.9186601638794,7.17703342437744,23.9234447479248
Guyana,2006,-0.564467251300812,0.164588361978531,12,34.9282302856445,24.4019145965576,45.9330139160156
Haiti,2006,-1.41297435760498,0.172960519790649,12,5.74162673950195,0.956937789916992,11.4832534790039
Honduras,2006,-0.98868316411972,0.159006088972092,15,17.2248802185059,9.56937789916992,27.2727279663086
Mexico,2006,-0.472546279430389,0.148689746856689,16,40.1913871765137,27.2727279663086,47.3684196472168
Nicaragua,2006,-0.752042233943939,0.155796095728874,16,27.2727279663086,15.7894735336304,39.2344512939453
Panama,2006,-0.15525296330452,0.169404596090317,13,50.2392349243164,42.1052627563477,55.9808616638184
Paraguay,2006,-0.971096038818359,0.166243076324463,14,19.1387557983398,9.56937789916992,28.7081336975098
Peru,2006,-0.70465487241745,0.155881077051163,15,27.7511959075928,19.1387557983398,40.6698570251465
Puerto Rico,2006,0.518689930438995,0.398123294115067,2,65.0717697143555,50.7177047729492,87.5598068237305
Suriname,2006,-0.226305484771729,0.220261096954346,8,48.3253593444824,33.4928245544434,55.9808616638184
Uruguay,2006,0.551547348499298,0.169404596090317,13,66.0287094116211,59.3301429748535,72.7272720336914
Argentina,2007,-0.60147225856781,0.153202801942825,15,33.9712905883789,22.0095691680908,44.4976081848145
Belize,2007,-0.0448062308132648,0.20347686111927,7,53.1100463867187,43.5406684875488,58.3732070922852
Bolivia,2007,-0.832326352596283,0.150281742215157,16,22.9665069580078,12.4401912689209,34.9282302856445
Brazil,2007,-0.40977942943573,0.149445295333862,16,42.1052627563477,31.1004791259766,50.2392349243164
Chile,2007,1.19518756866455,0.15139676630497,15,87.5598068237305,80.8612442016602,89.9521560668945
Colombia,2007,-0.432980388402939,0.147587969899178,17,41.1483268737793,29.6650714874268,48.8038291931152
Costa Rica,2007,0.354344755411148,0.16753987967968,14,59.8086128234863,55.5023918151855,69.3779907226562
Cuba,2007,-0.690431654453278,0.173520088195801,11,29.6650714874268,16.7464122772217,42.1052627563477
Dominican Republic,2007,-0.625862598419189,0.159008204936981,14,32.0574150085449,21.0526313781738,43.5406684875488
Ecuador,2007,-1.03286147117615,0.164935350418091,15,14.3540668487549,7.65550231933594,25.3588523864746
El Salvador,2007,-0.722936034202576,0.170303419232368,13,27.2727279663086,15.7894735336304,40.6698570251465
Guatemala,2007,-1.12104868888855,0.154612556099892,16,12.4401912689209,6.22009563446045,21.5311012268066
Guyana,2007,-0.4570552110672,0.164920777082443,13,40.6698570251465,26.7942581176758,48.8038291931152
Haiti,2007,-1.34994995594025,0.169779226183891,12,6.69856452941895,1.43540668487549,12.9186601638794
Honduras,2007,-0.928942918777466,0.159707903862,15,20.0956935882568,10.5263156890869,29.6650714874268
Mexico,2007,-0.542932212352753,0.149445295333862,16,35.8851661682129,24.4019145965576,46.8899536132812
Nicaragua,2007,-0.788387358188629,0.157422065734863,16,24.4019145965576,13.3971290588379,35.8851661682129
Panama,2007,-0.17409847676754,0.170303419232368,13,49.7607650756836,40.6698570251465,56.4593315124512
Paraguay,2007,-0.964514315128326,0.167569994926453,14,18.1818180084229,9.09090900421143,29.6650714874268
Peru,2007,-0.751626133918762,0.154612556099892,16,26.3157901763916,15.7894735336304,37.3205757141113
Puerto Rico,2007,0.575748801231384,0.311123430728912,3,67.464111328125,55.0239219665527,82.7751159667969
Suriname,2007,-0.246702715754509,0.227303981781006,8,47.3684196472168,32.5358848571777,56.4593315124512
Uruguay,2007,0.600704789161682,0.170303419232368,13,68.8995208740234,59.3301429748535,78.9473648071289
Argentina,2008,-0.699731647968292,0.14956933259964,15,27.884614944458,18.75,39.4230766296387
Belize,2008,-0.133091673254967,0.193635836243629,8,50.961540222168,39.4230766296387,58.1730766296387
Bolivia,2008,-0.978549301624298,0.145177811384201,16,17.3076915740967,9.13461494445801,25.480770111084
Brazil,2008,-0.288044780492783,0.147639736533165,16,46.6346168518066,36.538459777832,53.3653831481934
Chile,2008,1.21035730838776,0.14956933259964,15,87.9807662963867,81.7307662963867,89.9038467407227
Colombia,2008,-0.381235986948013,0.145958095788956,17,42.3076934814453,32.6923065185547,50.480770111084
Costa Rica,2008,0.453689336776733,0.165472120046616,14,62.980770111084,58.1730766296387,71.6346130371094
Cuba,2008,-0.827655673027039,0.1711755245924,10,23.0769233703613,11.5384616851807,35.5769233703613
Dominican Republic,2008,-0.682735621929169,0.156401425600052,14,29.3269233703613,19.230770111084,39.4230766296387
Ecuador,2008,-1.10530638694763,0.163114860653877,15,12.9807691574097,7.21153831481934,21.634614944458
El Salvador,2008,-0.694341421127319,0.167923659086227,13,28.365385055542,18.75,40.3846168518066
Guatemala,2008,-1.12228560447693,0.152494102716446,16,11.5384616851807,7.21153831481934,21.1538467407227
Guyana,2008,-0.580651640892029,0.161561995744705,12,34.6153831481934,21.634614944458,45.6730766296387
Haiti,2008,-1.285773396492,0.164834141731262,12,8.65384578704834,2.88461542129517,15.384614944458
Honduras,2008,-0.971363067626953,0.154251337051392,15,18.75,9.13461494445801,26.4423084259033
Mexico,2008,-0.689283549785614,0.147639736533165,16,28.8461532592773,19.230770111084,39.4230766296387
Nicaragua,2008,-0.808183550834656,0.152344673871994,16,24.0384616851807,13.942307472229,35.0961532592773
Panama,2008,-0.203979909420013,0.167923659086227,13,49.519229888916,37.5,56.25
Paraguay,2008,-0.910835206508636,0.165461614727974,14,20.6730766296387,9.61538505554199,31.25
Peru,2008,-0.730335593223572,0.145958095788956,17,25.9615383148193,18.75,37.5
Puerto Rico,2008,0.537432789802551,0.296832591295242,3,66.3461532592773,55.769229888916,83.6538467407227
Suriname,2008,-0.234130024909973,0.218589007854462,8,48.5576934814453,34.1346168518066,57.6923065185547
Uruguay,2008,0.613664507865906,0.170779347419739,12,69.711540222168,58.6538467407227,77.8846130371094
Argentina,2009,-0.694468080997467,0.143581703305244,17,30.3317527770996,18.0094795227051,41.2322273254395
Belize,2009,-0.323144495487213,0.19051256775856,8,45.0236968994141,31.2796211242676,54.502368927002
Bolivia,2009,-1.11391890048981,0.140662968158722,16,13.7440757751465,4.7393364906311,19.9052124023437
Brazil,2009,-0.103854693472385,0.143581703305244,17,51.1848335266113,44.5497627258301,58.2938385009766
Chile,2009,1.19409048557281,0.145847767591476,15,86.7298583984375,80.0947875976562,89.5734634399414
Colombia,2009,-0.367777585983276,0.143581703305244,17,43.1279602050781,32.7014236450195,49.7630348205566
Costa Rica,2009,0.578809499740601,0.160803139209747,14,66.3507080078125,60.6635055541992,74.407585144043
Cuba,2009,-0.712426066398621,0.168123438954353,10,28.9099521636963,17.5355453491211,41.2322273254395
Dominican Republic,2009,-0.809174060821533,0.153368502855301,14,24.1706161499023,14.2180099487305,35.0710906982422
Ecuador,2009,-1.20504021644592,0.149387404322624,16,10.4265403747559,4.26540279388428,17.5355453491211
El Salvador,2009,-0.783321619033813,0.161531895399094,14,26.5402851104736,15.1658763885498,36.4928894042969
Guatemala,2009,-1.01313829421997,0.151641294360161,15,17.0616111755371,8.53080558776855,27.488151550293
Guyana,2009,-0.555844962596893,0.1568683385849,12,35.5450248718262,23.6966819763184,45.497631072998
Haiti,2009,-1.33430373668671,0.150436624884605,13,5.68720388412476,2.36966824531555,14.2180099487305
Honduras,2009,-0.895501971244812,0.140662968158722,16,19.9052124023437,12.7962083816528,30.8056869506836
Mexico,2009,-0.56286883354187,0.143581703305244,17,35.0710906982422,24.6445503234863,44.5497627258301
Nicaragua,2009,-0.786913633346558,0.138858437538147,17,25.1184825897217,16.5876770019531,35.0710906982422
Panama,2009,-0.0972685068845749,0.153368502855301,14,52.1327018737793,44.5497627258301,58.7677726745605
Paraguay,2009,-0.857977032661438,0.151641294360161,15,21.8009471893311,13.7440757751465,32.7014236450195
Peru,2009,-0.624266803264618,0.143581703305244,17,31.7535552978516,21.3270149230957,42.6540298461914
Puerto Rico,2009,0.761055648326874,0.213122025132179,4,71.0900497436523,63.5071105957031,83.8862533569336
Suriname,2009,-0.124648116528988,0.175806939601898,9,50.2369651794434,41.7061614990234,59.2417068481445
Uruguay,2009,0.755774736404419,0.153368502855301,14,70.6161117553711,63.9810409545898,81.9905242919922
Argentina,2010,-0.59809422492981,0.144613742828369,17,32.7014236450195,24.1706161499023,43.1279602050781
Belize,2010,-0.281174033880234,0.188905641436577,8,46.445499420166,33.1753540039062,54.028434753418
Bolivia,2010,-1.02979016304016,0.137403205037117,17,14.6919431686401,8.53080558776855,25.5924167633057
Brazil,2010,0.0564144365489483,0.144613742828369,17,55.4502372741699,49.7630348205566,61.6113739013672
Chile,2010,1.22541570663452,0.148138910531998,15,87.6777267456055,80.568717956543,90.0473937988281
Colombia,2010,-0.271385610103607,0.144613742828369,17,46.9194297790527,35.5450248718262,53.554500579834
Costa Rica,2010,0.535760879516602,0.166154816746712,13,65.4028472900391,61.1374397277832,73.459716796875
Cuba,2010,-0.722509026527405,0.166649207472801,10,28.9099521636963,16.1137447357178,39.8104248046875
Dominican Republic,2010,-0.855494201183319,0.153985783457756,14,23.222749710083,12.3222751617432,32.2274894714355
Ecuador,2010,-1.14322912693024,0.149675846099854,16,11.8483409881592,4.7393364906311,20.3791465759277
El Salvador,2010,-0.865749895572662,0.162920162081718,14,22.748815536499,11.8483409881592,32.2274894714355
Guatemala,2010,-0.944123864173889,0.149675846099854,16,18.9573459625244,10.4265403747559,28.9099521636963
Guyana,2010,-0.477120876312256,0.154287546873093,12,38.3886260986328,28.4360198974609,47.3933639526367
Haiti,2010,-1.38317584991455,0.145589828491211,13,5.21327018737793,2.36966824531555,11.3744077682495
Honduras,2010,-0.875314056873322,0.138733804225922,16,22.274881362915,12.3222751617432,31.2796211242676
Mexico,2010,-0.552031338214874,0.144613742828369,17,35.5450248718262,26.5402851104736,45.0236968994141
Nicaragua,2010,-0.837366938591003,0.137403205037117,17,24.1706161499023,14.2180099487305,31.7535552978516
Panama,2010,-0.0802930667996407,0.153985783457756,14,52.1327018737793,44.0758285522461,60.6635055541992
Paraguay,2010,-0.830411493778229,0.151400476694107,15,24.6445503234863,13.2701425552368,33.1753540039062
Peru,2010,-0.566099524497986,0.144613742828369,17,34.5971565246582,25.5924167633057,44.5497627258301
Puerto Rico,2010,0.760903239250183,0.220161557197571,4,71.5639801025391,62.5592422485352,84.8341217041016
Suriname,2010,-0.0577610395848751,0.173907086253166,10,53.0805702209473,44.0758285522461,61.1374397277832
Uruguay,2010,0.786790609359741,0.153985783457756,14,73.459716796875,64.9289093017578,82.9383850097656
Argentina,2011,-0.563123285770416,0.134700432419777,18,33.3333320617676,25.3521118164062,44.6009407043457
Belize,2011,-0.469881325960159,0.171774461865425,9,39.4366188049316,26.2910804748535,49.7652587890625
Bolivia,2011,-0.984035789966583,0.131105110049248,18,16.9014091491699,10.3286380767822,25.8215961456299
Brazil,2011,0.0451417230069637,0.134700432419777,18,56.8075103759766,50.2347412109375,61.5023460388184
Chile,2011,1.26333856582642,0.13975165784359,15,86.8544616699219,82.1596221923828,90.1408462524414
Colombia,2011,-0.217361465096474,0.134700432419777,18,49.2957763671875,41.3145523071289,54.9295768737793
Costa Rica,2011,0.443259000778198,0.16261488199234,12,63.3802833557129,60.5633811950684,69.0140838623047
Cuba,2011,-0.693881630897522,0.15827502310276,10,29.577465057373,17.3708915710449,42.2535209655762
Dominican Republic,2011,-0.808169066905975,0.144528687000275,15,24.8826293945312,15.023473739624,32.8638496398926
Ecuador,2011,-1.14428532123566,0.145434021949768,15,12.6760559082031,5.63380289077759,19.7183094024658
El Salvador,2011,-0.751709401607513,0.152224838733673,15,26.2910804748535,16.4319248199463,38.0281677246094
Guatemala,2011,-1.03141474723816,0.139997556805611,17,15.4929580688477,9.38967132568359,24.8826293945312
Guyana,2011,-0.510029077529907,0.149642944335937,12,37.5586853027344,25.8215961456299,47.8873252868652
Haiti,2011,-1.418013215065,0.136237382888794,15,5.16431903839111,1.4084507226944,10.7981224060059
Honduras,2011,-0.905360877513885,0.135537877678871,16,20.1877937316895,12.6760559082031,29.577465057373
Mexico,2011,-0.549887716770172,0.134700432419777,18,34.2723007202148,25.8215961456299,45.0704231262207
Nicaragua,2011,-0.725575923919678,0.134118288755417,17,28.6384983062744,17.3708915710449,38.0281677246094
Panama,2011,0.0258786492049694,0.148595854640007,14,56.3380279541016,48.8262901306152,61.5023460388184
Paraguay,2011,-0.800011336803436,0.145434021949768,15,25.3521118164062,15.023473739624,33.3333320617676
Peru,2011,-0.580825686454773,0.134700432419777,18,32.3943672180176,24.8826293945312,43.6619720458984
Puerto Rico,2011,0.726528644561768,0.208388030529022,4,69.9530487060547,62.4413146972656,83.0985946655273
Suriname,2011,-0.0477658435702324,0.165689453482628,10,53.9906120300293,46.0093879699707,61.5023460388184
Uruguay,2011,0.731594443321228,0.148595854640007,14,70.4225387573242,64.3192520141602,78.8732376098633
Argentina,2012,-0.623034238815308,0.142120629549026,18,32.3943672180176,23.0046939849854,42.7230033874512
Belize,2012,-0.435866832733154,0.186924681067467,8,41.3145523071289,27.2300472259521,51.1737098693848
Bolivia,2012,-1.01876401901245,0.13741996884346,18,15.962441444397,8.45070457458496,25.8215961456299
Brazil,2012,-0.0769327953457832,0.143670961260796,17,52.582160949707,46.0093879699707,59.1549301147461
Chile,2012,1.28765678405762,0.147931560873985,15,86.8544616699219,83.5680770874023,90.1408462524414
Colombia,2012,-0.32591912150383,0.142120629549026,18,45.5399055480957,34.7417831420898,52.1126747131348
Costa Rica,2012,0.528911471366882,0.159036844968796,13,66.1971817016602,61.0328636169434,72.3004684448242
Cuba,2012,-0.708632588386536,0.165395602583885,11,29.577465057373,16.9014091491699,40.8450698852539
Dominican Republic,2012,-0.716865837574005,0.151890143752098,15,29.1079807281494,16.9014091491699,40.3755874633789
Ecuador,2012,-1.06392514705658,0.148603558540344,16,14.5539903640747,7.0422534942627,23.9436626434326
El Salvador,2012,-0.728603363037109,0.148603558540344,16,28.6384983062744,16.9014091491699,40.3755874633789
Guatemala,2012,-1.08391964435577,0.146889910101891,17,13.6150236129761,7.0422534942627,23.0046939849854
Guyana,2012,-0.518265724182129,0.152735084295273,13,40.3755874633789,26.7605628967285,47.417839050293
Haiti,2012,-1.33210027217865,0.14377760887146,15,7.0422534942627,2.3474178314209,12.2065725326538
Honduras,2012,-1.1464250087738,0.143010035157204,16,9.85915470123291,5.16431903839111,20.1877937316895
Mexico,2012,-0.53518009185791,0.142120629549026,18,38.0281677246094,26.7605628967285,46.0093879699707
Nicaragua,2012,-0.733911514282227,0.13741996884346,18,28.1690139770508,16.9014091491699,40.3755874633789
Panama,2012,-0.222083896398544,0.151890143752098,15,49.2957763671875,40.3755874633789,55.8685455322266
Paraguay,2012,-0.810820519924164,0.153777897357941,15,25.3521118164062,14.5539903640747,34.7417831420898
Peru,2012,-0.58197021484375,0.142120629549026,18,34.2723007202148,24.4131450653076,44.1314544677734
Puerto Rico,2012,0.793113589286804,0.21450012922287,4,72.7699508666992,64.3192520141602,85.4460067749023
Suriname,2012,-0.0615747198462486,0.170695543289185,11,53.521125793457,44.6009407043457,60.0938949584961
Uruguay,2012,0.614688694477081,0.151890143752098,15,69.0140838623047,62.9107971191406,75.5868530273437
Argentina,2013,-0.656328618526459,0.143711864948273,17,32.3943672180176,19.2488269805908,41.7840385437012
Belize,2013,-0.451571971178055,0.189314380288124,8,41.7840385437012,25.8215961456299,51.1737098693848
Bolivia,2013,-1.05095064640045,0.138976097106934,17,15.023473739624,7.98122072219849,22.5352115631104
Brazil,2013,-0.0920452028512955,0.143711864948273,17,52.582160949707,45.0704231262207,56.3380279541016
Chile,2013,1.25513780117035,0.148113772273064,15,86.8544616699219,81.2206573486328,90.1408462524414
Colombia,2013,-0.38826909661293,0.143711864948273,17,42.7230033874512,33.8028182983398,50.2347412109375
Costa Rica,2013,0.563855290412903,0.160919964313507,13,66.6666641235352,60.0938949584961,72.7699508666992
Cuba,2013,-0.6989426612854,0.167379334568977,11,30.5164318084717,16.9014091491699,41.7840385437012
Dominican Republic,2013,-0.534985601902008,0.151809215545654,15,36.1502342224121,24.4131450653076,46.0093879699707
Ecuador,2013,-0.870363593101501,0.148622572422028,16,21.1267604827881,13.1455402374268,33.8028182983398
El Salvador,2013,-0.637214183807373,0.148622572422028,16,33.8028182983398,20.1877937316895,42.2535209655762
Guatemala,2013,-1.09425866603851,0.148622572422028,16,13.6150236129761,6.57277011871338,22.0657272338867
Guyana,2013,-0.524507462978363,0.15394352376461,13,38.0281677246094,24.4131450653076,46.0093879699707
Haiti,2013,-1.30056750774384,0.144863188266754,15,7.0422534942627,3.28638505935669,14.0845069885254
Honduras,2013,-1.17302989959717,0.144404888153076,16,11.2676057815552,4.22535228729248,17.8403759002686
Mexico,2013,-0.549416422843933,0.143711864948273,17,35.2112693786621,24.4131450653076,45.5399055480957
Nicaragua,2013,-0.674326598644257,0.138976097106934,17,31.4553985595703,19.2488269805908,41.7840385437012
Panama,2013,-0.253414422273636,0.151809215545654,15,47.417839050293,39.9061050415039,54.4600944519043
Paraguay,2013,-0.767023622989655,0.15531924366951,15,25.8215961456299,15.023473739624,39.9061050415039
Peru,2013,-0.574419617652893,0.143711864948273,17,34.2723007202148,23.474178314209,45.0704231262207
Puerto Rico,2013,0.667737424373627,0.215716853737831,4,70.8920211791992,60.0938949584961,81.2206573486328
Suriname,2013,-0.049031350761652,0.171972125768661,11,53.051643371582,45.0704231262207,59.6244125366211
Uruguay,2013,0.576609134674072,0.151809215545654,15,67.1361465454102,61.5023460388184,72.7699508666992
Argentina,2014,-0.866627335548401,0.156046509742737,15,19.7115383148193,10.0961542129517,31.730770111084
Belize,2014,-0.814675211906433,0.199276968836784,7,21.634614944458,9.61538505554199,35.5769233703613
Bolivia,2014,-1.05833506584167,0.151723071932793,15,12.0192308425903,7.21153831481934,21.634614944458
Brazil,2014,-0.0529657602310181,0.156046509742737,15,57.6923065185547,44.711540222168,62.5
Chile,2014,1.34870362281799,0.158452525734901,14,86.538459777832,83.1730804443359,89.9038467407227
Colombia,2014,-0.252291530370712,0.156046509742737,15,45.6730766296387,34.6153831481934,57.6923065185547
Costa Rica,2014,0.583374798297882,0.165190264582634,13,72.5961532592773,65.8653869628906,76.9230804443359
Cuba,2014,-0.654899537563324,0.182365939021111,10,29.8076915740967,15.865385055542,42.788459777832
Dominican Republic,2014,-0.383904725313187,0.165190264582634,13,41.3461532592773,29.8076915740967,52.4038467407227
Ecuador,2014,-0.970792293548584,0.169722720980644,13,14.4230766296387,7.21153831481934,28.8461532592773
El Salvador,2014,-0.469334870576859,0.162469416856766,14,37.019229888916,26.4423084259033,48.5576934814453
Guatemala,2014,-0.956323862075806,0.162469416856766,14,15.384614944458,7.21153831481934,28.8461532592773
Guyana,2014,-0.614713907241821,0.171722382307053,11,31.730770111084,18.269229888916,42.788459777832
Haiti,2014,-1.18032288551331,0.159054413437843,13,8.65384578704834,3.8461537361145,17.3076915740967
Honduras,2014,-0.943307340145111,0.151723071932793,15,16.3461532592773,8.17307662963867,28.8461532592773
Mexico,2014,-0.406688004732132,0.156046509742737,15,39.4230766296387,29.3269233703613,50
Nicaragua,2014,-0.714166402816772,0.151723071932793,15,27.4038467407227,14.9038457870483,37.5
Panama,2014,-0.0646798387169838,0.165190264582634,13,56.730770111084,42.788459777832,62.5
Paraguay,2014,-0.604350566864014,0.171168208122253,13,32.6923065185547,18.269229888916,43.269229888916
Peru,2014,-0.522552609443665,0.156046509742737,15,34.1346168518066,24.0384616851807,45.1923065185547
Puerto Rico,2014,0.76602840423584,0.251417368650436,4,76.4423065185547,65.8653869628906,85.0961532592773
Suriname,2014,-0.136155605316162,0.192034050822258,9,51.4423065185547,37.980770111084,62.5
Uruguay,2014,0.761607766151428,0.162469416856766,14,75.961540222168,69.711540222168,81.25
Argentina,2015,-0.74863588809967,0.151455223560333,15,26.6666660308838,13.8095235824585,36.6666679382324
Belize,2015,-0.79416161775589,0.192640855908394,8,23.8095245361328,11.9047622680664,38.0952377319336
Bolivia,2015,-1.16211700439453,0.149267703294754,15,10.4761905670166,5.2380952835083,17.619047164917
Brazil,2015,-0.187332957983017,0.151455223560333,15,50.476188659668,39.0476188659668,58.5714302062988
Chile,2015,1.21972906589508,0.152590617537498,14,84.7619018554687,80,88.0952377319336
Colombia,2015,-0.24723581969738,0.151455223560333,15,46.1904754638672,37.1428565979004,56.6666679382324
Costa Rica,2015,0.492798924446106,0.161932408809662,13,69.0476226806641,61.9047622680664,74.7619018554687
Cuba,2015,-0.718148410320282,0.180579707026482,9,27.619047164917,13.3333330154419,39.523811340332
Dominican Republic,2015,-0.529519259929657,0.160577371716499,14,34.761905670166,23.8095245361328,45.238094329834
Ecuador,2015,-0.956418454647064,0.160577371716499,14,15.2380952835083,8.09523773193359,29.0476188659668
El Salvador,2015,-0.616807520389557,0.160577371716499,14,30.4761905670166,18.5714282989502,43.3333320617676
Guatemala,2015,-0.95410692691803,0.160577371716499,14,15.7142858505249,8.09523773193359,29.0476188659668
Guyana,2015,-0.541080117225647,0.161656305193901,11,34.2857131958008,23.3333339691162,45.238094329834
Haiti,2015,-1.1951984167099,0.157201692461967,13,9.0476188659668,4.2857141494751,17.619047164917
Honduras,2015,-0.942611634731293,0.149267703294754,15,16.6666660308838,9.5238094329834,28.5714282989502
Mexico,2015,-0.454765856266022,0.151455223560333,15,39.0476188659668,28.5714282989502,48.5714302062988
Nicaragua,2015,-0.754737794399261,0.149267703294754,15,25.7142848968506,13.3333330154419,36.1904754638672
Panama,2015,-0.140977621078491,0.161932408809662,13,53.3333320617676,40.9523811340332,60
Paraguay,2015,-0.644359648227692,0.168404847383499,13,30,17.619047164917,42.3809509277344
Peru,2015,-0.499649614095688,0.151455223560333,15,37.1428565979004,26.6666660308838,45.7142868041992
Puerto Rico,2015,0.716797947883606,0.241728931665421,4,73.3333358764648,63.3333320617676,83.3333358764648
Suriname,2015,-0.215757578611374,0.186720132827759,8,48.5714302062988,35.7142868041992,58.5714302062988
Uruguay,2015,0.736542940139771,0.160577371716499,14,73.8095245361328,67.6190490722656,80.476188659668
Argentina,2016,-0.320159524679184,0.16082789003849,14,42.3809509277344,30.4761905670166,51.9047622680664
Belize,2016,-0.97061550617218,0.216135874390602,6,17.1428565979004,8.09523773193359,30
Bolivia,2016,-1.23873949050903,0.170020863413811,13,9.5238094329834,5.7142858505249,17.619047164917
Brazil,2016,-0.201301991939545,0.16082789003849,14,46.6666679382324,34.2857131958008,55.7142868041992
Chile,2016,0.96039354801178,0.161531656980515,13,80,74.7619018554687,85.7142868041992
Colombia,2016,-0.266068160533905,0.16082789003849,14,45.238094329834,31.9047622680664,53.3333320617676
Costa Rica,2016,0.431041657924652,0.170852959156036,12,66.1904754638672,58.0952377319336,74.7619018554687
Cuba,2016,-0.458859443664551,0.201813936233521,8,34.761905670166,23.3333339691162,50
Dominican Republic,2016,-0.394124180078506,0.170020863413811,13,37.6190490722656,27.1428565979004,51.4285697937012
Ecuador,2016,-0.649083614349365,0.170020863413811,13,29.5238094329834,17.619047164917,38.0952377319336
El Salvador,2016,-0.757978737354279,0.170020863413811,13,24.761905670166,14.7619047164917,33.8095245361328
Guatemala,2016,-1.03206479549408,0.170020863413811,13,15.2380952835083,8.09523773193359,24.761905670166
Guyana,2016,-0.31342539191246,0.183913797140121,9,42.8571434020996,30,52.8571434020996
Haiti,2016,-1.01214683055878,0.180579394102097,11,15.7142858505249,8.09523773193359,25.238094329834
Honduras,2016,-1.1369264125824,0.159881055355072,14,11.4285717010498,7.14285707473755,18.5714282989502
Mexico,2016,-0.579800665378571,0.16082789003849,14,30.9523811340332,19.0476188659668,42.3809509277344
Nicaragua,2016,-0.656879246234894,0.165153816342354,13,28.5714282989502,17.619047164917,37.6190490722656
Panama,2016,0.0336839631199837,0.170852959156036,12,55.238094329834,45.238094329834,60.9523811340332
Paraguay,2016,-0.689654231071472,0.181486308574677,12,26.1904754638672,16.6666660308838,37.6190490722656
Peru,2016,-0.496036291122437,0.16082789003849,14,33.8095245361328,24.2857151031494,45.238094329834
Puerto Rico,2016,0.629271805286407,0.250650644302368,3,73.3333358764648,58.0952377319336,82.3809509277344
Suriname,2016,-0.174602553248405,0.20717217028141,6,48.0952377319336,32.3809509277344,58.0952377319336
Uruguay,2016,0.619055449962616,0.170020863413811,13,72.3809509277344,62.3809509277344,78.5714263916016
Argentina,2017,-0.237312033772469,0.154072061181068,14,45.7142868041992,32.3809509277344,53.8095245361328
Belize,2017,-0.97460526227951,0.196248129010201,5,15.7142858505249,8.5714282989502,28.5714282989502
Bolivia,2017,-1.24510812759399,0.167460218071938,12,9.5238094329834,5.2380952835083,15.7142858505249
Brazil,2017,-0.305428564548492,0.154072061181068,14,42.8571434020996,31.4285717010498,52.3809509277344
Chile,2017,0.981475472450256,0.155551671981812,13,80.476188659668,75.2380981445312,85.2380981445312
Colombia,2017,-0.366633266210556,0.154072061181068,14,39.523811340332,29.5238094329834,50.9523811340332
Costa Rica,2017,0.42886871099472,0.162948757410049,12,66.6666641235352,58.0952377319336,74.7619018554687
Cuba,2017,-0.449702054262161,0.186066195368767,8,35.238094329834,23.3333339691162,49.523811340332
Dominican Republic,2017,-0.428010761737823,0.161250233650208,13,37.6190490722656,27.1428565979004,48.5714302062988
Ecuador,2017,-0.718140542507172,0.161250233650208,13,25.7142848968506,15.2380952835083,34.2857131958008
El Salvador,2017,-0.873291909694672,0.161250233650208,13,20.4761905670166,10.4761905670166,30
Guatemala,2017,-1.07728862762451,0.161250233650208,13,12.8571424484253,8.09523773193359,21.4285717010498
Guyana,2017,-0.299223601818085,0.171446979045868,9,43.8095245361328,30.9523811340332,52.8571434020996
Haiti,2017,-1.09179079532623,0.163207054138184,12,12.380952835083,8.09523773193359,20.9523811340332
Honduras,2017,-1.06041383743286,0.152874872088432,14,13.8095235824585,8.5714282989502,21.9047622680664
Mexico,2017,-0.584648728370667,0.154072061181068,14,30.9523811340332,20.9523811340332,40.476188659668
Nicaragua,2017,-0.660670220851898,0.152874872088432,14,28.5714282989502,18.0952377319336,38.5714302062988
Panama,2017,0.0075527080334723,0.162948757410049,12,53.3333320617676,44.761905670166,60
Paraguay,2017,-0.667961835861206,0.172254100441933,12,28.0952377319336,16.6666660308838,39.0476188659668
Peru,2017,-0.523281574249268,0.154072061181068,14,31.9047622680664,22.8571434020996,44.761905670166
Puerto Rico,2017,0.594243347644806,0.21148818731308,3,71.4285736083984,59.523811340332,79.0476226806641
Suriname,2017,-0.171837165951729,0.190379858016968,6,48.0952377319336,32.8571434020996,58.0952377319336
Uruguay,2017,0.557142913341522,0.161250233650208,13,70,60.9523811340332,77.6190490722656
Argentina,2018,-0.219330430030823,0.146073952317238,14,46.6666679382324,34.761905670166,54.2857131958008
Belize,2018,-0.842516541481018,0.187461614608765,5,20,9.5238094329834,32.3809509277344
Bolivia,2018,-1.21190083026886,0.157884687185287,12,9.5238094329834,5.7142858505249,16.6666660308838
Brazil,2018,-0.30234295129776,0.146073952317238,14,42.8571434020996,31.9047622680664,51.9047622680664
Chile,2018,0.940260529518127,0.14628978073597,13,79.0476226806641,73.3333358764648,84.7619018554687
Colombia,2018,-0.383742153644562,0.146073952317238,14,39.0476188659668,28.0952377319336,50
Costa Rica,2018,0.467835366725922,0.151710048317909,12,68.0952377319336,59.0476188659668,74.7619018554687
Cuba,2018,-0.463792055845261,0.179528400301933,8,34.2857131958008,23.8095245361328,49.0476188659668
Dominican Republic,2018,-0.365240544080734,0.151469379663467,13,40.476188659668,29.0476188659668,50.476188659668
Ecuador,2018,-0.663264274597168,0.151469379663467,13,27.1428565979004,18.5714282989502,36.6666679382324
El Salvador,2018,-0.930314421653748,0.151469379663467,13,17.619047164917,9.5238094329834,26.6666660308838
Guatemala,2018,-1.0757360458374,0.151469379663467,13,13.8095235824585,7.14285707473755,20.9523811340332
Guyana,2018,-0.38360184431076,0.167799830436707,8,39.523811340332,27.1428565979004,50.476188659668
Haiti,2018,-1.06081771850586,0.159672364592552,11,14.7619047164917,7.14285707473755,21.9047622680664
Honduras,2018,-1.05719459056854,0.144305855035782,14,15.2380952835083,7.61904764175415,20.9523811340332
Mexico,2018,-0.641221523284912,0.146073952317238,14,28.0952377319336,19.0476188659668,37.6190490722656
Nicaragua,2018,-1.07846295833588,0.144305855035782,14,13.3333330154419,7.14285707473755,20
Panama,2018,-0.159112378954887,0.151710048317909,12,50,37.1428565979004,56.1904754638672
Paraguay,2018,-0.602268278598785,0.161038964986801,12,30.4761905670166,19.0476188659668,40.9523811340332
Peru,2018,-0.56674337387085,0.146073952317238,14,31.4285717010498,21.9047622680664,40.9523811340332
Puerto Rico,2018,0.556610465049744,0.209833040833473,2,70.9523773193359,59.0476188659668,77.1428604125977
Suriname,2018,-0.0878103971481323,0.179772168397903,6,51.4285697937012,39.523811340332,59.0476188659668
Uruguay,2018,0.570747196674347,0.151469379663467,13,71.4285736083984,61.9047622680664,77.1428604125977
Argentina,2019,-0.427360445261002,0.148343652486801,14,37.1428565979004,26.1904754638672,48.0952377319336
Belize,2019,-0.855883598327637,0.187160760164261,5,21.4285717010498,10.4761905670166,31.4285717010498
Bolivia,2019,-1.18941926956177,0.15372459590435,13,10,5.7142858505249,18.5714282989502
Brazil,2019,-0.224319815635681,0.148343652486801,14,46.6666679382324,34.761905670166,53.3333320617676
Chile,2019,0.924216628074646,0.14865006506443,13,79.523811340332,73.3333358764648,85.2380981445312
Colombia,2019,-0.391183972358704,0.148343652486801,14,39.523811340332,27.1428565979004,49.0476188659668
Costa Rica,2019,0.529464185237885,0.154065623879433,12,70,60.476188659668,75.7142868041992
Cuba,2019,-0.340494513511658,0.178599670529366,8,42.3809509277344,27.1428565979004,51.9047622680664
Dominican Republic,2019,-0.320300966501236,0.15372459590435,13,43.3333320617676,29.5238094329834,50.9523811340332
Ecuador,2019,-0.542950987815857,0.15372459590435,13,31.9047622680664,22.8571434020996,44.2857131958008
El Salvador,2019,-0.866013646125793,0.15372459590435,13,19.5238094329834,11.9047622680664,27.1428565979004
Guatemala,2019,-1.10042715072632,0.15372459590435,13,12.8571424484253,6.1904764175415,21.9047622680664
Guyana,2019,-0.445168942213058,0.167156800627708,8,36.6666679382324,24.761905670166,48.5714302062988
Haiti,2019,-0.973829090595245,0.161853149533272,11,16.6666660308838,8.5714282989502,24.761905670166
Honduras,2019,-1.0414981842041,0.148896738886833,13,14.7619047164917,7.61904764175415,22.8571434020996
Mexico,2019,-0.657918453216553,0.148343652486801,14,26.6666660308838,19.0476188659668,38.0952377319336
Nicaragua,2019,-1.20158541202545,0.148896738886833,13,9.5238094329834,5.7142858505249,17.1428565979004
Panama,2019,-0.191898912191391,0.154065623879433,12,47.6190490722656,36.6666679382324,54.2857131958008
Paraguay,2019,-0.567496180534363,0.16355212032795,12,30.4761905670166,21.9047622680664,44.2857131958008
Peru,2019,-0.520058035850525,0.148343652486801,14,32.3809509277344,23.8095245361328,44.2857131958008
Puerto Rico,2019,0.558815836906433,0.208675384521484,2,70.9523773193359,59.0476188659668,78.5714263916016
Suriname,2019,-0.0834658518433571,0.17986136674881,6,50.9523811340332,40,59.0476188659668
Uruguay,2019,0.603468060493469,0.15372459590435,13,73.3333358764648,61.9047622680664,78.0952377319336
Argentina,2020,-0.486265957355499,0.145851194858551,13,34.761905670166,24.2857151031494,44.2857131958008
Belize,2020,-0.826539576053619,0.168362215161324,5,21.4285717010498,12.8571424484253,31.4285717010498
Bolivia,2020,-1.21863114833832,0.151064708828926,12,9.5238094329834,5.2380952835083,16.6666660308838
Brazil,2020,-0.231919765472412,0.145851194858551,13,46.1904754638672,35.238094329834,53.8095245361328
Chile,2020,0.930162131786346,0.146105453372002,12,80,74.7619018554687,85.7142868041992
Colombia,2020,-0.491402626037598,0.145851194858551,13,33.8095245361328,23.8095245361328,44.2857131958008
Costa Rica,2020,0.498832434415817,0.151347249746323,11,67.1428604125977,59.523811340332,75.2380981445312
Cuba,2020,-0.28538504242897,0.170432657003403,7,42.8571434020996,31.4285717010498,53.3333320617676
Dominican Republic,2020,-0.171013608574867,0.151064708828926,12,47.6190490722656,37.1428565979004,54.761905670166
Ecuador,2020,-0.540949642658234,0.151064708828926,12,31.9047622680664,22.8571434020996,42.3809509277344
El Salvador,2020,-0.777085423469543,0.151064708828926,12,23.3333339691162,16.1904754638672,31.9047622680664
Guatemala,2020,-1.10039258003235,0.151064708828926,12,13.3333330154419,6.1904764175415,20.4761905670166
Guyana,2020,-0.43357652425766,0.155660256743431,8,36.6666679382324,26.1904754638672,47.1428565979004
Haiti,2020,-1.03054046630859,0.161813840270042,9,16.1904754638672,8.09523773193359,23.8095245361328
Honduras,2020,-1.01033341884613,0.149057298898697,12,16.6666660308838,8.5714282989502,23.8095245361328
Mexico,2020,-0.642182171344757,0.145851194858551,13,29.0476188659668,20,38.0952377319336
Nicaragua,2020,-1.19874393939972,0.149057298898697,12,10.4761905670166,5.2380952835083,17.619047164917
Panama,2020,-0.284955024719238,0.151347249746323,11,43.3333320617676,31.9047622680664,52.8571434020996
Paraguay,2020,-0.427826523780823,0.160036146640778,11,37.1428565979004,26.1904754638672,48.0952377319336
Peru,2020,-0.382843524217606,0.145851194858551,13,39.523811340332,29.0476188659668,48.0952377319336
Puerto Rico,2020,0.605160593986511,0.182618722319603,2,70.9523773193359,60.9523811340332,79.0476226806641
Suriname,2020,-0.13208894431591,0.163010746240616,6,48.5714302062988,38.5714302062988,55.238094329834
Uruguay,2020,0.647405028343201,0.151064708828926,12,72.8571395874023,63.8095245361328,78.5714263916016
Argentina,2021,-0.477947890758514,0.155509635806084,12,34.2857131958008,23.8095245361328,45.7142868041992
Belize,2021,-0.800227999687195,0.182972967624664,4,23.3333339691162,13.3333330154419,33.3333320617676
Bolivia,2021,-1.17760181427002,0.161789134144783,12,11.4285717010498,6.66666650772095,19.5238094329834
Brazil,2021,-0.301417380571365,0.155509635806084,12,41.9047622680664,31.4285717010498,52.3809509277344
Chile,2021,0.889890670776367,0.155509635806084,12,80.476188659668,70.9523773193359,85.7142868041992
Colombia,2021,-0.470828503370285,0.155509635806084,12,34.761905670166,24.2857151031494,45.7142868041992
Costa Rica,2021,0.423667222261429,0.163550972938538,11,63.8095245361328,55.7142868041992,73.3333358764648
Cuba,2021,-0.419912159442902,0.186213314533234,6,37.6190490722656,24.2857151031494,49.523811340332
Dominican Republic,2021,-0.11635073274374,0.163550972938538,11,48.5714302062988,39.0476188659668,55.7142868041992
Ecuador,2021,-0.354992210865021,0.163550972938538,11,40.9523811340332,29.0476188659668,50.9523811340332
El Salvador,2021,-0.866383194923401,0.161789134144783,12,21.4285717010498,11.9047622680664,30
Guatemala,2021,-1.11025655269623,0.163550972938538,11,13.3333330154419,6.66666650772095,21.4285717010498
Guyana,2021,-0.416621565818787,0.168474212288857,8,38.0952377319336,24.761905670166,47.1428565979004
Haiti,2021,-1.26286470890045,0.163064450025558,10,9.0476188659668,5.2380952835083,16.6666660308838
Honduras,2021,-1.08797383308411,0.156201869249344,13,15.2380952835083,7.14285707473755,22.380952835083
Mexico,2021,-0.807996511459351,0.155509635806084,12,22.8571434020996,15.2380952835083,31.4285717010498
Nicaragua,2021,-1.36633682250977,0.157785654067993,12,7.14285707473755,4.7619047164917,13.3333330154419
Panama,2021,-0.269385784864426,0.163550972938538,11,43.3333320617676,31.9047622680664,52.3809509277344
Paraguay,2021,-0.575897037982941,0.163550972938538,11,30.9523811340332,21.4285717010498,40.9523811340332
Peru,2021,-0.532514691352844,0.155509635806084,12,32.3809509277344,23.3333339691162,42.8571434020996
Puerto Rico,2021,0.574521899223328,0.201756492257118,2,69.0476226806641,58.0952377319336,80.9523773193359
Suriname,2021,-0.126213639974594,0.176157221198082,6,47.6190490722656,38.0952377319336,55.7142868041992
Uruguay,2021,0.698062181472778,0.163550972938538,11,73.8095245361328,64.7619018554687,81.9047622680664
Argentina,2022,-0.482351809740067,0.161367252469063,12,34.4339637756348,23.5849056243896,44.3396224975586
Belize,2022,-0.720160663127899,0.192157685756683,4,24.5283012390137,15.5660381317139,38.6792449951172
Bolivia,2022,-1.30140423774719,0.167237296700478,12,9.43396186828613,5.18867921829224,15.5660381317139
Brazil,2022,-0.257879137992859,0.161367252469063,12,43.3962249755859,32.5471687316895,53.301887512207
Chile,2022,0.688454449176788,0.161367252469063,12,72.1698150634766,63.2075462341309,81.6037750244141
Colombia,2022,-0.427760243415833,0.161367252469063,12,38.6792449951172,24.5283012390137,47.1698112487793
Costa Rica,2022,0.435932785272598,0.169349133968353,11,64.6226425170898,56.1320762634277,74.0566024780273
Cuba,2022,-0.461449682712555,0.19561667740345,6,36.7924537658691,23.5849056243896,47.6415100097656
Dominican Republic,2022,-0.0933533534407616,0.169349133968353,11,50.9433975219727,39.1509437561035,56.6037750244141
Ecuador,2022,-0.620780825614929,0.169349133968353,11,27.8301887512207,19.8113212585449,40.0943412780762
El Salvador,2022,-0.742217719554901,0.167237296700478,12,24.056604385376,17.4528293609619,35.8490562438965
Guatemala,2022,-1.12746357917786,0.169349133968353,11,13.2075471878052,7.07547187805176,21.698112487793
Guyana,2022,-0.313437700271606,0.17387019097805,8,41.0377349853516,29.2452831268311,52.8301887512207
Haiti,2022,-1.37795209884644,0.167698562145233,10,7.54716968536377,5.18867921829224,13.6792449951172
Honduras,2022,-1.0175416469574,0.15998487174511,13,17.4528293609619,9.43396186828613,23.5849056243896
Mexico,2022,-0.869425058364868,0.161367252469063,12,20.7547168731689,12.7358493804932,28.7735843658447
Nicaragua,2022,-1.3109118938446,0.166534915566444,11,8.96226406097412,5.18867921829224,15.5660381317139
Panama,2022,-0.359851568937302,0.169349133968353,11,40.0943412780762,25.943395614624,50.9433975219727
Paraguay,2022,-0.591498374938965,0.169349133968353,11,30.1886787414551,20.7547168731689,40.5660362243652
Peru,2022,-0.552831411361694,0.161367252469063,12,31.1320762634277,23.1132068634033,41.5094337463379
Puerto Rico,2022,0.531026601791382,0.213246241211891,3,67.4528274536133,56.6037750244141,78.7735824584961
Suriname,2022,-0.128307819366455,0.184266403317451,6,48.113208770752,38.2075462341309,56.6037750244141
Uruguay,2022,0.767947494983673,0.169349133968353,11,75.9433975219727,66.0377349853516,82.5471725463867
Argentina,2023,-0.410826534032822,0.163038805127144,12,37.7358474731445,26.4150943756104,47.1698112487793
Belize,2023,-0.635611891746521,0.189948707818985,5,27.8301887512207,19.3396224975586,41.0377349853516
Bolivia,2023,-1.21933794021606,0.167979657649994,12,11.7924528121948,6.13207530975342,19.3396224975586
Brazil,2023,-0.308802843093872,0.163038805127144,12,41.9811325073242,28.7735843658447,52.3584899902344
Chile,2023,0.625093758106232,0.163038805127144,12,71.2264175415039,58.9622650146484,79.2452850341797
Colombia,2023,-0.458272933959961,0.161277130246162,13,35.8490562438965,24.5283012390137,43.3962249755859
Costa Rica,2023,0.389316648244858,0.168218553066254,12,60.3773574829102,54.2452812194824,72.1698150634766
Cuba,2023,-0.453039199113846,0.196041777729988,6,36.3207550048828,24.056604385376,47.6415100097656
Dominican Republic,2023,-0.128592282533646,0.170220494270325,11,48.113208770752,37.7358474731445,54.7169799804687
Ecuador,2023,-0.957790791988373,0.170220494270325,11,19.3396224975586,11.3207550048828,25.943395614624
El Salvador,2023,-0.369357317686081,0.166054859757423,13,39.1509437561035,26.8867931365967,49.5283012390137
Guatemala,2023,-1.07527709007263,0.170220494270325,11,15.5660381317139,7.54716968536377,24.056604385376
Guyana,2023,-0.342232912778854,0.174188613891602,7,40.5660362243652,27.8301887512207,51.886791229248
Haiti,2023,-1.3636075258255,0.167789861559868,9,7.54716968536377,5.66037750244141,15.0943393707275
Honduras,2023,-1.09500813484192,0.160361349582672,13,15.0943393707275,7.54716968536377,23.1132068634033
Mexico,2023,-0.806393921375275,0.161277130246162,13,24.056604385376,15.5660381317139,29.2452831268311
Nicaragua,2023,-1.27818691730499,0.168349236249924,10,9.43396186828613,6.13207530975342,17.9245281219482
Panama,2023,-0.3459812104702,0.170220494270325,11,40.0943412780762,27.8301887512207,51.4150924682617
Paraguay,2023,-0.582174599170685,0.168218553066254,12,28.7735843658447,21.2264156341553,41.9811325073242
Peru,2023,-0.538132667541504,0.161277130246162,13,30.1886787414551,24.056604385376,42.4528312683105
Puerto Rico,2023,0.4935282766819,0.200148716568947,4,66.5094375610352,54.7169799804687,77.8301849365234
Suriname,2023,-0.0622574500739574,0.182215228676796,7,51.886791229248,39.1509437561035,57.0754699707031
Uruguay,2023,0.717662572860718,0.170220494270325,11,75.9433975219727,64.1509399414062,81.6037750244141
